{"type": "FeatureCollection", "features": [{"type": "Feature", "geometry": {"type": "LineString", "coordinates": [[78.35, 17.3012], [78.368, 17.3012]]}, "properties": {"segment_id": "R0001", "road_class": "collector", "lanes": 3, "source_node": "N001", "target_node": "N002"}}, {"type": "Feature", "geometry": {"type": "LineString", "coordinates": [[78.368, 17.2988], [78.35, 17.2988]]}, "properties": {"segment_id": "R0002", "road_class": "collector", "lanes": 3, "source_node": "N002", "target_node": "N001"}}, {"type": "Feature", "geometry": {"type": "LineString", "coordinates": [[78.3488, 17.3], [78.3488, 17.318]]}, "properties": {"segment_id": "R0003", "road_class": "collector", "lanes": 2, "source_node": "N001", "target_node": "N013"}}, {"type": "Feature", "geometry": {"type": "LineString", "coordinates": [[78.35119999999999, 17.318], [78.35119999999999, 17.3]]}, "properties": {"segment_id": "R0004", "road_class": "collector", "lanes": 3, "source_node": "N013", "target_node": "N001"}}, {"type": "Feature", "geometry": {"type": "LineString", "coordinates": [[78.368, 17.3012], [78.386, 17.3012]]}, "properties": {"segment_id": "R0005", "road_class": "collector", "lanes": 3, "source_node": "N002", "target_node": "N003"}}, {"type": "Feature", "geometry": {"type": "LineString", "coordinates": [[78.386, 17.2988], [78.368, 17.2988]]}, "properties": {"segment_id": "R0006", "road_class": "collector", "lanes": 3, "source_node": "N003", "target_node": "N002"}}, {"type": "Feature", "geometry": {"type": "LineString", "coordinates": [[78.3668, 17.3], [78.3668, 17.318]]}, "properties": {"segment_id": "R0007", "road_class": "collector", "lanes": 2, "source_node": "N002", "target_node": "N014"}}, {"type": "Feature", "geometry": {"type": "LineString", "coordinates": [[78.36919999999999, 17.318], [78.36919999999999, 17.3]]}, "properties": {"segment_id": "R0008", "road_class": "collector", "lanes": 2, "source_node": "N014", "target_node": "N002"}}, {"type": "Feature", "geometry": {"type": "LineString", "coordinates": [[78.386, 17.3012], [78.404, 17.3012]]}, "properties": {"segment_id": "R0009", "road_class": "arterial", "lanes": 1, "source_node": "N003", "target_node": "N004"}}, {"type": "Feature", "geometry": {"type": "LineString", "coordinates": [[78.404, 17.2988], [78.386, 17.2988]]}, "properties": {"segment_id": "R0010", "road_class": "arterial", "lanes": 2, "source_node": "N004", "target_node": "N003"}}, {"type": "Feature", "geometry": {"type": "LineString", "coordinates": [[78.3848, 17.3], [78.3848, 17.318]]}, "properties": {"segment_id": "R0011", "road_class": "arterial", "lanes": 2, "source_node": "N003", "target_node": "N015"}}, {"type": "Feature", "geometry": {"type": "LineString", "coordinates": [[78.38719999999999, 17.318], [78.38719999999999, 17.3]]}, "properties": {"segment_id": "R0012", "road_class": "arterial", "lanes": 2, "source_node": "N015", "target_node": "N003"}}, {"type": "Feature", "geometry": {"type": "LineString", "coordinates": [[78.404, 17.3012], [78.422, 17.3012]]}, "properties": {"segment_id": "R0013", "road_class": "collector", "lanes": 3, "source_node": "N004", "target_node": "N005"}}, {"type": "Feature", "geometry": {"type": "LineString", "coordinates": [[78.422, 17.2988], [78.404, 17.2988]]}, "properties": {"segment_id": "R0014", "road_class": "collector", "lanes": 2, "source_node": "N005", "target_node": "N004"}}, {"type": "Feature", "geometry": {"type": "LineString", "coordinates": [[78.4028, 17.3], [78.4028, 17.318]]}, "properties": {"segment_id": "R0015", "road_class": "collector", "lanes": 2, "source_node": "N004", "target_node": "N016"}}, {"type": "Feature", "geometry": {"type": "LineString", "coordinates": [[78.4052, 17.318], [78.4052, 17.3]]}, "properties": {"segment_id": "R0016", "road_class": "collector", "lanes": 2, "source_node": "N016", "target_node": "N004"}}, {"type": "Feature", "geometry": {"type": "LineString", "coordinates": [[78.422, 17.3012], [78.44, 17.3012]]}, "properties": {"segment_id": "R0017", "road_class": "collector", "lanes": 2, "source_node": "N005", "target_node": "N006"}}, {"type": "Feature", "geometry": {"type": "LineString", "coordinates": [[78.44, 17.2988], [78.422, 17.2988]]}, "properties": {"segment_id": "R0018", "road_class": "collector", "lanes": 1, "source_node": "N006", "target_node": "N005"}}, {"type": "Feature", "geometry": {"type": "LineString", "coordinates": [[78.4208, 17.3], [78.4208, 17.318]]}, "properties": {"segment_id": "R0019", "road_class": "collector", "lanes": 2, "source_node": "N005", "target_node": "N017"}}, {"type": "Feature", "geometry": {"type": "LineString", "coordinates": [[78.4232, 17.318], [78.4232, 17.3]]}, "properties": {"segment_id": "R0020", "road_class": "collector", "lanes": 2, "source_node": "N017", "target_node": "N005"}}, {"type": "Feature", "geometry": {"type": "LineString", "coordinates": [[78.44, 17.3012], [78.458, 17.3012]]}, "properties": {"segment_id": "R0021", "road_class": "arterial", "lanes": 2, "source_node": "N006", "target_node": "N007"}}, {"type": "Feature", "geometry": {"type": "LineString", "coordinates": [[78.458, 17.2988], [78.44, 17.2988]]}, "properties": {"segment_id": "R0022", "road_class": "arterial", "lanes": 2, "source_node": "N007", "target_node": "N006"}}, {"type": "Feature", "geometry": {"type": "LineString", "coordinates": [[78.4388, 17.3], [78.4388, 17.318]]}, "properties": {"segment_id": "R0023", "road_class": "arterial", "lanes": 3, "source_node": "N006", "target_node": "N018"}}, {"type": "Feature", "geometry": {"type": "LineString", "coordinates": [[78.4412, 17.318], [78.4412, 17.3]]}, "properties": {"segment_id": "R0024", "road_class": "arterial", "lanes": 2, "source_node": "N018", "target_node": "N006"}}, {"type": "Feature", "geometry": {"type": "LineString", "coordinates": [[78.458, 17.3012], [78.476, 17.3012]]}, "properties": {"segment_id": "R0025", "road_class": "collector", "lanes": 2, "source_node": "N007", "target_node": "N008"}}, {"type": "Feature", "geometry": {"type": "LineString", "coordinates": [[78.476, 17.2988], [78.458, 17.2988]]}, "properties": {"segment_id": "R0026", "road_class": "collector", "lanes": 2, "source_node": "N008", "target_node": "N007"}}, {"type": "Feature", "geometry": {"type": "LineString", "coordinates": [[78.4568, 17.3], [78.4568, 17.318]]}, "properties": {"segment_id": "R0027", "road_class": "collector", "lanes": 3, "source_node": "N007", "target_node": "N019"}}, {"type": "Feature", "geometry": {"type": "LineString", "coordinates": [[78.4592, 17.318], [78.4592, 17.3]]}, "properties": {"segment_id": "R0028", "road_class": "collector", "lanes": 2, "source_node": "N019", "target_node": "N007"}}, {"type": "Feature", "geometry": {"type": "LineString", "coordinates": [[78.476, 17.3012], [78.494, 17.3012]]}, "properties": {"segment_id": "R0029", "road_class": "collector", "lanes": 2, "source_node": "N008", "target_node": "N009"}}, {"type": "Feature", "geometry": {"type": "LineString", "coordinates": [[78.494, 17.2988], [78.476, 17.2988]]}, "properties": {"segment_id": "R0030", "road_class": "collector", "lanes": 2, "source_node": "N009", "target_node": "N008"}}, {"type": "Feature", "geometry": {"type": "LineString", "coordinates": [[78.4748, 17.3], [78.4748, 17.318]]}, "properties": {"segment_id": "R0031", "road_class": "collector", "lanes": 2, "source_node": "N008", "target_node": "N020"}}, {"type": "Feature", "geometry": {"type": "LineString", "coordinates": [[78.4772, 17.318], [78.4772, 17.3]]}, "properties": {"segment_id": "R0032", "road_class": "collector", "lanes": 3, "source_node": "N020", "target_node": "N008"}}, {"type": "Feature", "geometry": {"type": "LineString", "coordinates": [[78.494, 17.3012], [78.512, 17.3012]]}, "properties": {"segment_id": "R0033", "road_class": "arterial", "lanes": 2, "source_node": "N009", "target_node": "N010"}}, {"type": "Feature", "geometry": {"type": "LineString", "coordinates": [[78.512, 17.2988], [78.494, 17.2988]]}, "properties": {"segment_id": "R0034", "road_class": "arterial", "lanes": 2, "source_node": "N010", "target_node": "N009"}}, {"type": "Feature", "geometry": {"type": "LineString", "coordinates": [[78.4928, 17.3], [78.4928, 17.318]]}, "properties": {"segment_id": "R0035", "road_class": "arterial", "lanes": 3, "source_node": "N009", "target_node": "N021"}}, {"type": "Feature", "geometry": {"type": "LineString", "coordinates": [[78.4952, 17.318], [78.4952, 17.3]]}, "properties": {"segment_id": "R0036", "road_class": "arterial", "lanes": 3, "source_node": "N021", "target_node": "N009"}}, {"type": "Feature", "geometry": {"type": "LineString", "coordinates": [[78.512, 17.3012], [78.53, 17.3012]]}, "properties": {"segment_id": "R0037", "road_class": "collector", "lanes": 1, "source_node": "N010", "target_node": "N011"}}, {"type": "Feature", "geometry": {"type": "LineString", "coordinates": [[78.53, 17.2988], [78.512, 17.2988]]}, "properties": {"segment_id": "R0038", "road_class": "collector", "lanes": 2, "source_node": "N011", "target_node": "N010"}}, {"type": "Feature", "geometry": {"type": "LineString", "coordinates": [[78.5108, 17.3], [78.5108, 17.318]]}, "properties": {"segment_id": "R0039", "road_class": "collector", "lanes": 2, "source_node": "N010", "target_node": "N022"}}, {"type": "Feature", "geometry": {"type": "LineString", "coordinates": [[78.5132, 17.318], [78.5132, 17.3]]}, "properties": {"segment_id": "R0040", "road_class": "collector", "lanes": 3, "source_node": "N022", "target_node": "N010"}}, {"type": "Feature", "geometry": {"type": "LineString", "coordinates": [[78.53, 17.3012], [78.548, 17.3012]]}, "properties": {"segment_id": "R0041", "road_class": "collector", "lanes": 1, "source_node": "N011", "target_node": "N012"}}, {"type": "Feature", "geometry": {"type": "LineString", "coordinates": [[78.548, 17.2988], [78.53, 17.2988]]}, "properties": {"segment_id": "R0042", "road_class": "collector", "lanes": 2, "source_node": "N012", "target_node": "N011"}}, {"type": "Feature", "geometry": {"type": "LineString", "coordinates": [[78.5288, 17.3], [78.5288, 17.318]]}, "properties": {"segment_id": "R0043", "road_class": "collector", "lanes": 2, "source_node": "N011", "target_node": "N023"}}, {"type": "Feature", "geometry": {"type": "LineString", "coordinates": [[78.5312, 17.318], [78.5312, 17.3]]}, "properties": {"segment_id": "R0044", "road_class": "collector", "lanes": 2, "source_node": "N023", "target_node": "N011"}}, {"type": "Feature", "geometry": {"type": "LineString", "coordinates": [[78.5468, 17.3], [78.5468, 17.318]]}, "properties": {"segment_id": "R0045", "road_class": "collector", "lanes": 2, "source_node": "N012", "target_node": "N024"}}, {"type": "Feature", "geometry": {"type": "LineString", "coordinates": [[78.5492, 17.318], [78.5492, 17.3]]}, "properties": {"segment_id": "R0046", "road_class": "collector", "lanes": 2, "source_node": "N024", "target_node": "N012"}}, {"type": "Feature", "geometry": {"type": "LineString", "coordinates": [[78.35, 17.319200000000002], [78.368, 17.319200000000002]]}, "properties": {"segment_id": "R0047", "road_class": "collector", "lanes": 2, "source_node": "N013", "target_node": "N014"}}, {"type": "Feature", "geometry": {"type": "LineString", "coordinates": [[78.368, 17.3168], [78.35, 17.3168]]}, "properties": {"segment_id": "R0048", "road_class": "collector", "lanes": 2, "source_node": "N014", "target_node": "N013"}}, {"type": "Feature", "geometry": {"type": "LineString", "coordinates": [[78.3488, 17.318], [78.3488, 17.336]]}, "properties": {"segment_id": "R0049", "road_class": "collector", "lanes": 3, "source_node": "N013", "target_node": "N025"}}, {"type": "Feature", "geometry": {"type": "LineString", "coordinates": [[78.35119999999999, 17.336], [78.35119999999999, 17.318]]}, "properties": {"segment_id": "R0050", "road_class": "collector", "lanes": 3, "source_node": "N025", "target_node": "N013"}}, {"type": "Feature", "geometry": {"type": "LineString", "coordinates": [[78.368, 17.319200000000002], [78.386, 17.319200000000002]]}, "properties": {"segment_id": "R0051", "road_class": "collector", "lanes": 3, "source_node": "N014", "target_node": "N015"}}, {"type": "Feature", "geometry": {"type": "LineString", "coordinates": [[78.386, 17.3168], [78.368, 17.3168]]}, "properties": {"segment_id": "R0052", "road_class": "collector", "lanes": 2, "source_node": "N015", "target_node": "N014"}}, {"type": "Feature", "geometry": {"type": "LineString", "coordinates": [[78.3668, 17.318], [78.3668, 17.336]]}, "properties": {"segment_id": "R0053", "road_class": "collector", "lanes": 2, "source_node": "N014", "target_node": "N026"}}, {"type": "Feature", "geometry": {"type": "LineString", "coordinates": [[78.36919999999999, 17.336], [78.36919999999999, 17.318]]}, "properties": {"segment_id": "R0054", "road_class": "collector", "lanes": 3, "source_node": "N026", "target_node": "N014"}}, {"type": "Feature", "geometry": {"type": "LineString", "coordinates": [[78.386, 17.319200000000002], [78.404, 17.319200000000002]]}, "properties": {"segment_id": "R0055", "road_class": "arterial", "lanes": 2, "source_node": "N015", "target_node": "N016"}}, {"type": "Feature", "geometry": {"type": "LineString", "coordinates": [[78.404, 17.3168], [78.386, 17.3168]]}, "properties": {"segment_id": "R0056", "road_class": "arterial", "lanes": 2, "source_node": "N016", "target_node": "N015"}}, {"type": "Feature", "geometry": {"type": "LineString", "coordinates": [[78.3848, 17.318], [78.3848, 17.336]]}, "properties": {"segment_id": "R0057", "road_class": "arterial", "lanes": 3, "source_node": "N015", "target_node": "N027"}}, {"type": "Feature", "geometry": {"type": "LineString", "coordinates": [[78.38719999999999, 17.336], [78.38719999999999, 17.318]]}, "properties": {"segment_id": "R0058", "road_class": "arterial", "lanes": 1, "source_node": "N027", "target_node": "N015"}}, {"type": "Feature", "geometry": {"type": "LineString", "coordinates": [[78.404, 17.319200000000002], [78.422, 17.319200000000002]]}, "properties": {"segment_id": "R0059", "road_class": "collector", "lanes": 1, "source_node": "N016", "target_node": "N017"}}, {"type": "Feature", "geometry": {"type": "LineString", "coordinates": [[78.422, 17.3168], [78.404, 17.3168]]}, "properties": {"segment_id": "R0060", "road_class": "collector", "lanes": 1, "source_node": "N017", "target_node": "N016"}}, {"type": "Feature", "geometry": {"type": "LineString", "coordinates": [[78.4028, 17.318], [78.4028, 17.336]]}, "properties": {"segment_id": "R0061", "road_class": "collector", "lanes": 2, "source_node": "N016", "target_node": "N028"}}, {"type": "Feature", "geometry": {"type": "LineString", "coordinates": [[78.4052, 17.336], [78.4052, 17.318]]}, "properties": {"segment_id": "R0062", "road_class": "collector", "lanes": 3, "source_node": "N028", "target_node": "N016"}}, {"type": "Feature", "geometry": {"type": "LineString", "coordinates": [[78.422, 17.319200000000002], [78.44, 17.319200000000002]]}, "properties": {"segment_id": "R0063", "road_class": "collector", "lanes": 2, "source_node": "N017", "target_node": "N018"}}, {"type": "Feature", "geometry": {"type": "LineString", "coordinates": [[78.44, 17.3168], [78.422, 17.3168]]}, "properties": {"segment_id": "R0064", "road_class": "collector", "lanes": 2, "source_node": "N018", "target_node": "N017"}}, {"type": "Feature", "geometry": {"type": "LineString", "coordinates": [[78.4208, 17.318], [78.4208, 17.336]]}, "properties": {"segment_id": "R0065", "road_class": "collector", "lanes": 2, "source_node": "N017", "target_node": "N029"}}, {"type": "Feature", "geometry": {"type": "LineString", "coordinates": [[78.4232, 17.336], [78.4232, 17.318]]}, "properties": {"segment_id": "R0066", "road_class": "collector", "lanes": 2, "source_node": "N029", "target_node": "N017"}}, {"type": "Feature", "geometry": {"type": "LineString", "coordinates": [[78.44, 17.319200000000002], [78.458, 17.319200000000002]]}, "properties": {"segment_id": "R0067", "road_class": "arterial", "lanes": 3, "source_node": "N018", "target_node": "N019"}}, {"type": "Feature", "geometry": {"type": "LineString", "coordinates": [[78.458, 17.3168], [78.44, 17.3168]]}, "properties": {"segment_id": "R0068", "road_class": "arterial", "lanes": 2, "source_node": "N019", "target_node": "N018"}}, {"type": "Feature", "geometry": {"type": "LineString", "coordinates": [[78.4388, 17.318], [78.4388, 17.336]]}, "properties": {"segment_id": "R0069", "road_class": "arterial", "lanes": 2, "source_node": "N018", "target_node": "N030"}}, {"type": "Feature", "geometry": {"type": "LineString", "coordinates": [[78.4412, 17.336], [78.4412, 17.318]]}, "properties": {"segment_id": "R0070", "road_class": "arterial", "lanes": 2, "source_node": "N030", "target_node": "N018"}}, {"type": "Feature", "geometry": {"type": "LineString", "coordinates": [[78.458, 17.319200000000002], [78.476, 17.319200000000002]]}, "properties": {"segment_id": "R0071", "road_class": "collector", "lanes": 2, "source_node": "N019", "target_node": "N020"}}, {"type": "Feature", "geometry": {"type": "LineString", "coordinates": [[78.476, 17.3168], [78.458, 17.3168]]}, "properties": {"segment_id": "R0072", "road_class": "collector", "lanes": 2, "source_node": "N020", "target_node": "N019"}}, {"type": "Feature", "geometry": {"type": "LineString", "coordinates": [[78.4568, 17.318], [78.4568, 17.336]]}, "properties": {"segment_id": "R0073", "road_class": "collector", "lanes": 2, "source_node": "N019", "target_node": "N031"}}, {"type": "Feature", "geometry": {"type": "LineString", "coordinates": [[78.4592, 17.336], [78.4592, 17.318]]}, "properties": {"segment_id": "R0074", "road_class": "collector", "lanes": 3, "source_node": "N031", "target_node": "N019"}}, {"type": "Feature", "geometry": {"type": "LineString", "coordinates": [[78.476, 17.319200000000002], [78.494, 17.319200000000002]]}, "properties": {"segment_id": "R0075", "road_class": "collector", "lanes": 2, "source_node": "N020", "target_node": "N021"}}, {"type": "Feature", "geometry": {"type": "LineString", "coordinates": [[78.494, 17.3168], [78.476, 17.3168]]}, "properties": {"segment_id": "R0076", "road_class": "collector", "lanes": 2, "source_node": "N021", "target_node": "N020"}}, {"type": "Feature", "geometry": {"type": "LineString", "coordinates": [[78.4748, 17.318], [78.4748, 17.336]]}, "properties": {"segment_id": "R0077", "road_class": "collector", "lanes": 1, "source_node": "N020", "target_node": "N032"}}, {"type": "Feature", "geometry": {"type": "LineString", "coordinates": [[78.4772, 17.336], [78.4772, 17.318]]}, "properties": {"segment_id": "R0078", "road_class": "collector", "lanes": 2, "source_node": "N032", "target_node": "N020"}}, {"type": "Feature", "geometry": {"type": "LineString", "coordinates": [[78.494, 17.319200000000002], [78.512, 17.319200000000002]]}, "properties": {"segment_id": "R0079", "road_class": "arterial", "lanes": 2, "source_node": "N021", "target_node": "N022"}}, {"type": "Feature", "geometry": {"type": "LineString", "coordinates": [[78.512, 17.3168], [78.494, 17.3168]]}, "properties": {"segment_id": "R0080", "road_class": "arterial", "lanes": 2, "source_node": "N022", "target_node": "N021"}}, {"type": "Feature", "geometry": {"type": "LineString", "coordinates": [[78.4928, 17.318], [78.4928, 17.336]]}, "properties": {"segment_id": "R0081", "road_class": "arterial", "lanes": 1, "source_node": "N021", "target_node": "N033"}}, {"type": "Feature", "geometry": {"type": "LineString", "coordinates": [[78.4952, 17.336], [78.4952, 17.318]]}, "properties": {"segment_id": "R0082", "road_class": "arterial", "lanes": 2, "source_node": "N033", "target_node": "N021"}}, {"type": "Feature", "geometry": {"type": "LineString", "coordinates": [[78.512, 17.319200000000002], [78.53, 17.319200000000002]]}, "properties": {"segment_id": "R0083", "road_class": "collector", "lanes": 2, "source_node": "N022", "target_node": "N023"}}, {"type": "Feature", "geometry": {"type": "LineString", "coordinates": [[78.53, 17.3168], [78.512, 17.3168]]}, "properties": {"segment_id": "R0084", "road_class": "collector", "lanes": 2, "source_node": "N023", "target_node": "N022"}}, {"type": "Feature", "geometry": {"type": "LineString", "coordinates": [[78.5108, 17.318], [78.5108, 17.336]]}, "properties": {"segment_id": "R0085", "road_class": "collector", "lanes": 2, "source_node": "N022", "target_node": "N034"}}, {"type": "Feature", "geometry": {"type": "LineString", "coordinates": [[78.5132, 17.336], [78.5132, 17.318]]}, "properties": {"segment_id": "R0086", "road_class": "collector", "lanes": 2, "source_node": "N034", "target_node": "N022"}}, {"type": "Feature", "geometry": {"type": "LineString", "coordinates": [[78.53, 17.319200000000002], [78.548, 17.319200000000002]]}, "properties": {"segment_id": "R0087", "road_class": "collector", "lanes": 2, "source_node": "N023", "target_node": "N024"}}, {"type": "Feature", "geometry": {"type": "LineString", "coordinates": [[78.548, 17.3168], [78.53, 17.3168]]}, "properties": {"segment_id": "R0088", "road_class": "collector", "lanes": 3, "source_node": "N024", "target_node": "N023"}}, {"type": "Feature", "geometry": {"type": "LineString", "coordinates": [[78.5288, 17.318], [78.5288, 17.336]]}, "properties": {"segment_id": "R0089", "road_class": "collector", "lanes": 2, "source_node": "N023", "target_node": "N035"}}, {"type": "Feature", "geometry": {"type": "LineString", "coordinates": [[78.5312, 17.336], [78.5312, 17.318]]}, "properties": {"segment_id": "R0090", "road_class": "collector", "lanes": 1, "source_node": "N035", "target_node": "N023"}}, {"type": "Feature", "geometry": {"type": "LineString", "coordinates": [[78.5468, 17.318], [78.5468, 17.336]]}, "properties": {"segment_id": "R0091", "road_class": "collector", "lanes": 1, "source_node": "N024", "target_node": "N036"}}, {"type": "Feature", "geometry": {"type": "LineString", "coordinates": [[78.5492, 17.336], [78.5492, 17.318]]}, "properties": {"segment_id": "R0092", "road_class": "collector", "lanes": 2, "source_node": "N036", "target_node": "N024"}}, {"type": "Feature", "geometry": {"type": "LineString", "coordinates": [[78.35, 17.3372], [78.368, 17.3372]]}, "properties": {"segment_id": "R0093", "road_class": "arterial", "lanes": 1, "source_node": "N025", "target_node": "N026"}}, {"type": "Feature", "geometry": {"type": "LineString", "coordinates": [[78.368, 17.334799999999998], [78.35, 17.334799999999998]]}, "properties": {"segment_id": "R0094", "road_class": "arterial", "lanes": 2, "source_node": "N026", "target_node": "N025"}}, {"type": "Feature", "geometry": {"type": "LineString", "coordinates": [[78.3488, 17.336], [78.3488, 17.354]]}, "properties": {"segment_id": "R0095", "road_class": "arterial", "lanes": 1, "source_node": "N025", "target_node": "N037"}}, {"type": "Feature", "geometry": {"type": "LineString", "coordinates": [[78.35119999999999, 17.354], [78.35119999999999, 17.336]]}, "properties": {"segment_id": "R0096", "road_class": "arterial", "lanes": 2, "source_node": "N037", "target_node": "N025"}}, {"type": "Feature", "geometry": {"type": "LineString", "coordinates": [[78.368, 17.3372], [78.386, 17.3372]]}, "properties": {"segment_id": "R0097", "road_class": "arterial", "lanes": 3, "source_node": "N026", "target_node": "N027"}}, {"type": "Feature", "geometry": {"type": "LineString", "coordinates": [[78.386, 17.334799999999998], [78.368, 17.334799999999998]]}, "properties": {"segment_id": "R0098", "road_class": "arterial", "lanes": 2, "source_node": "N027", "target_node": "N026"}}, {"type": "Feature", "geometry": {"type": "LineString", "coordinates": [[78.3668, 17.336], [78.3668, 17.354]]}, "properties": {"segment_id": "R0099", "road_class": "arterial", "lanes": 3, "source_node": "N026", "target_node": "N038"}}, {"type": "Feature", "geometry": {"type": "LineString", "coordinates": [[78.36919999999999, 17.354], [78.36919999999999, 17.336]]}, "properties": {"segment_id": "R0100", "road_class": "arterial", "lanes": 1, "source_node": "N038", "target_node": "N026"}}, {"type": "Feature", "geometry": {"type": "LineString", "coordinates": [[78.386, 17.3372], [78.404, 17.3372]]}, "properties": {"segment_id": "R0101", "road_class": "arterial", "lanes": 2, "source_node": "N027", "target_node": "N028"}}, {"type": "Feature", "geometry": {"type": "LineString", "coordinates": [[78.404, 17.334799999999998], [78.386, 17.334799999999998]]}, "properties": {"segment_id": "R0102", "road_class": "arterial", "lanes": 3, "source_node": "N028", "target_node": "N027"}}, {"type": "Feature", "geometry": {"type": "LineString", "coordinates": [[78.3848, 17.336], [78.3848, 17.354]]}, "properties": {"segment_id": "R0103", "road_class": "arterial", "lanes": 1, "source_node": "N027", "target_node": "N039"}}, {"type": "Feature", "geometry": {"type": "LineString", "coordinates": [[78.38719999999999, 17.354], [78.38719999999999, 17.336]]}, "properties": {"segment_id": "R0104", "road_class": "arterial", "lanes": 3, "source_node": "N039", "target_node": "N027"}}, {"type": "Feature", "geometry": {"type": "LineString", "coordinates": [[78.404, 17.3372], [78.422, 17.3372]]}, "properties": {"segment_id": "R0105", "road_class": "arterial", "lanes": 2, "source_node": "N028", "target_node": "N029"}}, {"type": "Feature", "geometry": {"type": "LineString", "coordinates": [[78.422, 17.334799999999998], [78.404, 17.334799999999998]]}, "properties": {"segment_id": "R0106", "road_class": "arterial", "lanes": 1, "source_node": "N029", "target_node": "N028"}}, {"type": "Feature", "geometry": {"type": "LineString", "coordinates": [[78.4028, 17.336], [78.4028, 17.354]]}, "properties": {"segment_id": "R0107", "road_class": "arterial", "lanes": 1, "source_node": "N028", "target_node": "N040"}}, {"type": "Feature", "geometry": {"type": "LineString", "coordinates": [[78.4052, 17.354], [78.4052, 17.336]]}, "properties": {"segment_id": "R0108", "road_class": "arterial", "lanes": 3, "source_node": "N040", "target_node": "N028"}}, {"type": "Feature", "geometry": {"type": "LineString", "coordinates": [[78.422, 17.3372], [78.44, 17.3372]]}, "properties": {"segment_id": "R0109", "road_class": "arterial", "lanes": 3, "source_node": "N029", "target_node": "N030"}}, {"type": "Feature", "geometry": {"type": "LineString", "coordinates": [[78.44, 17.334799999999998], [78.422, 17.334799999999998]]}, "properties": {"segment_id": "R0110", "road_class": "arterial", "lanes": 2, "source_node": "N030", "target_node": "N029"}}, {"type": "Feature", "geometry": {"type": "LineString", "coordinates": [[78.4208, 17.336], [78.4208, 17.354]]}, "properties": {"segment_id": "R0111", "road_class": "arterial", "lanes": 1, "source_node": "N029", "target_node": "N041"}}, {"type": "Feature", "geometry": {"type": "LineString", "coordinates": [[78.4232, 17.354], [78.4232, 17.336]]}, "properties": {"segment_id": "R0112", "road_class": "arterial", "lanes": 3, "source_node": "N041", "target_node": "N029"}}, {"type": "Feature", "geometry": {"type": "LineString", "coordinates": [[78.44, 17.3372], [78.458, 17.3372]]}, "properties": {"segment_id": "R0113", "road_class": "arterial", "lanes": 2, "source_node": "N030", "target_node": "N031"}}, {"type": "Feature", "geometry": {"type": "LineString", "coordinates": [[78.458, 17.334799999999998], [78.44, 17.334799999999998]]}, "properties": {"segment_id": "R0114", "road_class": "arterial", "lanes": 2, "source_node": "N031", "target_node": "N030"}}, {"type": "Feature", "geometry": {"type": "LineString", "coordinates": [[78.4388, 17.336], [78.4388, 17.354]]}, "properties": {"segment_id": "R0115", "road_class": "arterial", "lanes": 3, "source_node": "N030", "target_node": "N042"}}, {"type": "Feature", "geometry": {"type": "LineString", "coordinates": [[78.4412, 17.354], [78.4412, 17.336]]}, "properties": {"segment_id": "R0116", "road_class": "arterial", "lanes": 2, "source_node": "N042", "target_node": "N030"}}, {"type": "Feature", "geometry": {"type": "LineString", "coordinates": [[78.458, 17.3372], [78.476, 17.3372]]}, "properties": {"segment_id": "R0117", "road_class": "arterial", "lanes": 1, "source_node": "N031", "target_node": "N032"}}, {"type": "Feature", "geometry": {"type": "LineString", "coordinates": [[78.476, 17.334799999999998], [78.458, 17.334799999999998]]}, "properties": {"segment_id": "R0118", "road_class": "arterial", "lanes": 2, "source_node": "N032", "target_node": "N031"}}, {"type": "Feature", "geometry": {"type": "LineString", "coordinates": [[78.4568, 17.336], [78.4568, 17.354]]}, "properties": {"segment_id": "R0119", "road_class": "arterial", "lanes": 3, "source_node": "N031", "target_node": "N043"}}, {"type": "Feature", "geometry": {"type": "LineString", "coordinates": [[78.4592, 17.354], [78.4592, 17.336]]}, "properties": {"segment_id": "R0120", "road_class": "arterial", "lanes": 2, "source_node": "N043", "target_node": "N031"}}, {"type": "Feature", "geometry": {"type": "LineString", "coordinates": [[78.476, 17.3372], [78.494, 17.3372]]}, "properties": {"segment_id": "R0121", "road_class": "arterial", "lanes": 2, "source_node": "N032", "target_node": "N033"}}, {"type": "Feature", "geometry": {"type": "LineString", "coordinates": [[78.494, 17.334799999999998], [78.476, 17.334799999999998]]}, "properties": {"segment_id": "R0122", "road_class": "arterial", "lanes": 3, "source_node": "N033", "target_node": "N032"}}, {"type": "Feature", "geometry": {"type": "LineString", "coordinates": [[78.4748, 17.336], [78.4748, 17.354]]}, "properties": {"segment_id": "R0123", "road_class": "arterial", "lanes": 3, "source_node": "N032", "target_node": "N044"}}, {"type": "Feature", "geometry": {"type": "LineString", "coordinates": [[78.4772, 17.354], [78.4772, 17.336]]}, "properties": {"segment_id": "R0124", "road_class": "arterial", "lanes": 2, "source_node": "N044", "target_node": "N032"}}, {"type": "Feature", "geometry": {"type": "LineString", "coordinates": [[78.494, 17.3372], [78.512, 17.3372]]}, "properties": {"segment_id": "R0125", "road_class": "arterial", "lanes": 2, "source_node": "N033", "target_node": "N034"}}, {"type": "Feature", "geometry": {"type": "LineString", "coordinates": [[78.512, 17.334799999999998], [78.494, 17.334799999999998]]}, "properties": {"segment_id": "R0126", "road_class": "arterial", "lanes": 2, "source_node": "N034", "target_node": "N033"}}, {"type": "Feature", "geometry": {"type": "LineString", "coordinates": [[78.4928, 17.336], [78.4928, 17.354]]}, "properties": {"segment_id": "R0127", "road_class": "arterial", "lanes": 1, "source_node": "N033", "target_node": "N045"}}, {"type": "Feature", "geometry": {"type": "LineString", "coordinates": [[78.4952, 17.354], [78.4952, 17.336]]}, "properties": {"segment_id": "R0128", "road_class": "arterial", "lanes": 2, "source_node": "N045", "target_node": "N033"}}, {"type": "Feature", "geometry": {"type": "LineString", "coordinates": [[78.512, 17.3372], [78.53, 17.3372]]}, "properties": {"segment_id": "R0129", "road_class": "arterial", "lanes": 2, "source_node": "N034", "target_node": "N035"}}, {"type": "Feature", "geometry": {"type": "LineString", "coordinates": [[78.53, 17.334799999999998], [78.512, 17.334799999999998]]}, "properties": {"segment_id": "R0130", "road_class": "arterial", "lanes": 2, "source_node": "N035", "target_node": "N034"}}, {"type": "Feature", "geometry": {"type": "LineString", "coordinates": [[78.5108, 17.336], [78.5108, 17.354]]}, "properties": {"segment_id": "R0131", "road_class": "arterial", "lanes": 2, "source_node": "N034", "target_node": "N046"}}, {"type": "Feature", "geometry": {"type": "LineString", "coordinates": [[78.5132, 17.354], [78.5132, 17.336]]}, "properties": {"segment_id": "R0132", "road_class": "arterial", "lanes": 2, "source_node": "N046", "target_node": "N034"}}, {"type": "Feature", "geometry": {"type": "LineString", "coordinates": [[78.53, 17.3372], [78.548, 17.3372]]}, "properties": {"segment_id": "R0133", "road_class": "arterial", "lanes": 3, "source_node": "N035", "target_node": "N036"}}, {"type": "Feature", "geometry": {"type": "LineString", "coordinates": [[78.548, 17.334799999999998], [78.53, 17.334799999999998]]}, "properties": {"segment_id": "R0134", "road_class": "arterial", "lanes": 3, "source_node": "N036", "target_node": "N035"}}, {"type": "Feature", "geometry": {"type": "LineString", "coordinates": [[78.5288, 17.336], [78.5288, 17.354]]}, "properties": {"segment_id": "R0135", "road_class": "arterial", "lanes": 2, "source_node": "N035", "target_node": "N047"}}, {"type": "Feature", "geometry": {"type": "LineString", "coordinates": [[78.5312, 17.354], [78.5312, 17.336]]}, "properties": {"segment_id": "R0136", "road_class": "arterial", "lanes": 3, "source_node": "N047", "target_node": "N035"}}, {"type": "Feature", "geometry": {"type": "LineString", "coordinates": [[78.5468, 17.336], [78.5468, 17.354]]}, "properties": {"segment_id": "R0137", "road_class": "arterial", "lanes": 2, "source_node": "N036", "target_node": "N048"}}, {"type": "Feature", "geometry": {"type": "LineString", "coordinates": [[78.5492, 17.354], [78.5492, 17.336]]}, "properties": {"segment_id": "R0138", "road_class": "arterial", "lanes": 2, "source_node": "N048", "target_node": "N036"}}, {"type": "Feature", "geometry": {"type": "LineString", "coordinates": [[78.35, 17.3552], [78.368, 17.3552]]}, "properties": {"segment_id": "R0139", "road_class": "collector", "lanes": 2, "source_node": "N037", "target_node": "N038"}}, {"type": "Feature", "geometry": {"type": "LineString", "coordinates": [[78.368, 17.3528], [78.35, 17.3528]]}, "properties": {"segment_id": "R0140", "road_class": "collector", "lanes": 2, "source_node": "N038", "target_node": "N037"}}, {"type": "Feature", "geometry": {"type": "LineString", "coordinates": [[78.3488, 17.354], [78.3488, 17.372]]}, "properties": {"segment_id": "R0141", "road_class": "collector", "lanes": 2, "source_node": "N037", "target_node": "N049"}}, {"type": "Feature", "geometry": {"type": "LineString", "coordinates": [[78.35119999999999, 17.372], [78.35119999999999, 17.354]]}, "properties": {"segment_id": "R0142", "road_class": "collector", "lanes": 1, "source_node": "N049", "target_node": "N037"}}, {"type": "Feature", "geometry": {"type": "LineString", "coordinates": [[78.368, 17.3552], [78.386, 17.3552]]}, "properties": {"segment_id": "R0143", "road_class": "collector", "lanes": 2, "source_node": "N038", "target_node": "N039"}}, {"type": "Feature", "geometry": {"type": "LineString", "coordinates": [[78.386, 17.3528], [78.368, 17.3528]]}, "properties": {"segment_id": "R0144", "road_class": "collector", "lanes": 2, "source_node": "N039", "target_node": "N038"}}, {"type": "Feature", "geometry": {"type": "LineString", "coordinates": [[78.3668, 17.354], [78.3668, 17.372]]}, "properties": {"segment_id": "R0145", "road_class": "collector", "lanes": 2, "source_node": "N038", "target_node": "N050"}}, {"type": "Feature", "geometry": {"type": "LineString", "coordinates": [[78.36919999999999, 17.372], [78.36919999999999, 17.354]]}, "properties": {"segment_id": "R0146", "road_class": "collector", "lanes": 2, "source_node": "N050", "target_node": "N038"}}, {"type": "Feature", "geometry": {"type": "LineString", "coordinates": [[78.386, 17.3552], [78.404, 17.3552]]}, "properties": {"segment_id": "R0147", "road_class": "arterial", "lanes": 3, "source_node": "N039", "target_node": "N040"}}, {"type": "Feature", "geometry": {"type": "LineString", "coordinates": [[78.404, 17.3528], [78.386, 17.3528]]}, "properties": {"segment_id": "R0148", "road_class": "arterial", "lanes": 1, "source_node": "N040", "target_node": "N039"}}, {"type": "Feature", "geometry": {"type": "LineString", "coordinates": [[78.3848, 17.354], [78.3848, 17.372]]}, "properties": {"segment_id": "R0149", "road_class": "arterial", "lanes": 1, "source_node": "N039", "target_node": "N051"}}, {"type": "Feature", "geometry": {"type": "LineString", "coordinates": [[78.38719999999999, 17.372], [78.38719999999999, 17.354]]}, "properties": {"segment_id": "R0150", "road_class": "arterial", "lanes": 2, "source_node": "N051", "target_node": "N039"}}, {"type": "Feature", "geometry": {"type": "LineString", "coordinates": [[78.404, 17.3552], [78.422, 17.3552]]}, "properties": {"segment_id": "R0151", "road_class": "collector", "lanes": 2, "source_node": "N040", "target_node": "N041"}}, {"type": "Feature", "geometry": {"type": "LineString", "coordinates": [[78.422, 17.3528], [78.404, 17.3528]]}, "properties": {"segment_id": "R0152", "road_class": "collector", "lanes": 2, "source_node": "N041", "target_node": "N040"}}, {"type": "Feature", "geometry": {"type": "LineString", "coordinates": [[78.4028, 17.354], [78.4028, 17.372]]}, "properties": {"segment_id": "R0153", "road_class": "collector", "lanes": 3, "source_node": "N040", "target_node": "N052"}}, {"type": "Feature", "geometry": {"type": "LineString", "coordinates": [[78.4052, 17.372], [78.4052, 17.354]]}, "properties": {"segment_id": "R0154", "road_class": "collector", "lanes": 2, "source_node": "N052", "target_node": "N040"}}, {"type": "Feature", "geometry": {"type": "LineString", "coordinates": [[78.422, 17.3552], [78.44, 17.3552]]}, "properties": {"segment_id": "R0155", "road_class": "collector", "lanes": 2, "source_node": "N041", "target_node": "N042"}}, {"type": "Feature", "geometry": {"type": "LineString", "coordinates": [[78.44, 17.3528], [78.422, 17.3528]]}, "properties": {"segment_id": "R0156", "road_class": "collector", "lanes": 1, "source_node": "N042", "target_node": "N041"}}, {"type": "Feature", "geometry": {"type": "LineString", "coordinates": [[78.4208, 17.354], [78.4208, 17.372]]}, "properties": {"segment_id": "R0157", "road_class": "collector", "lanes": 1, "source_node": "N041", "target_node": "N053"}}, {"type": "Feature", "geometry": {"type": "LineString", "coordinates": [[78.4232, 17.372], [78.4232, 17.354]]}, "properties": {"segment_id": "R0158", "road_class": "collector", "lanes": 2, "source_node": "N053", "target_node": "N041"}}, {"type": "Feature", "geometry": {"type": "LineString", "coordinates": [[78.44, 17.3552], [78.458, 17.3552]]}, "properties": {"segment_id": "R0159", "road_class": "arterial", "lanes": 2, "source_node": "N042", "target_node": "N043"}}, {"type": "Feature", "geometry": {"type": "LineString", "coordinates": [[78.458, 17.3528], [78.44, 17.3528]]}, "properties": {"segment_id": "R0160", "road_class": "arterial", "lanes": 2, "source_node": "N043", "target_node": "N042"}}, {"type": "Feature", "geometry": {"type": "LineString", "coordinates": [[78.4388, 17.354], [78.4388, 17.372]]}, "properties": {"segment_id": "R0161", "road_class": "arterial", "lanes": 2, "source_node": "N042", "target_node": "N054"}}, {"type": "Feature", "geometry": {"type": "LineString", "coordinates": [[78.4412, 17.372], [78.4412, 17.354]]}, "properties": {"segment_id": "R0162", "road_class": "arterial", "lanes": 2, "source_node": "N054", "target_node": "N042"}}, {"type": "Feature", "geometry": {"type": "LineString", "coordinates": [[78.458, 17.3552], [78.476, 17.3552]]}, "properties": {"segment_id": "R0163", "road_class": "collector", "lanes": 2, "source_node": "N043", "target_node": "N044"}}, {"type": "Feature", "geometry": {"type": "LineString", "coordinates": [[78.476, 17.3528], [78.458, 17.3528]]}, "properties": {"segment_id": "R0164", "road_class": "collector", "lanes": 2, "source_node": "N044", "target_node": "N043"}}, {"type": "Feature", "geometry": {"type": "LineString", "coordinates": [[78.4568, 17.354], [78.4568, 17.372]]}, "properties": {"segment_id": "R0165", "road_class": "collector", "lanes": 3, "source_node": "N043", "target_node": "N055"}}, {"type": "Feature", "geometry": {"type": "LineString", "coordinates": [[78.4592, 17.372], [78.4592, 17.354]]}, "properties": {"segment_id": "R0166", "road_class": "collector", "lanes": 3, "source_node": "N055", "target_node": "N043"}}, {"type": "Feature", "geometry": {"type": "LineString", "coordinates": [[78.476, 17.3552], [78.494, 17.3552]]}, "properties": {"segment_id": "R0167", "road_class": "collector", "lanes": 1, "source_node": "N044", "target_node": "N045"}}, {"type": "Feature", "geometry": {"type": "LineString", "coordinates": [[78.494, 17.3528], [78.476, 17.3528]]}, "properties": {"segment_id": "R0168", "road_class": "collector", "lanes": 3, "source_node": "N045", "target_node": "N044"}}, {"type": "Feature", "geometry": {"type": "LineString", "coordinates": [[78.4748, 17.354], [78.4748, 17.372]]}, "properties": {"segment_id": "R0169", "road_class": "collector", "lanes": 2, "source_node": "N044", "target_node": "N056"}}, {"type": "Feature", "geometry": {"type": "LineString", "coordinates": [[78.4772, 17.372], [78.4772, 17.354]]}, "properties": {"segment_id": "R0170", "road_class": "collector", "lanes": 2, "source_node": "N056", "target_node": "N044"}}, {"type": "Feature", "geometry": {"type": "LineString", "coordinates": [[78.494, 17.3552], [78.512, 17.3552]]}, "properties": {"segment_id": "R0171", "road_class": "arterial", "lanes": 2, "source_node": "N045", "target_node": "N046"}}, {"type": "Feature", "geometry": {"type": "LineString", "coordinates": [[78.512, 17.3528], [78.494, 17.3528]]}, "properties": {"segment_id": "R0172", "road_class": "arterial", "lanes": 2, "source_node": "N046", "target_node": "N045"}}, {"type": "Feature", "geometry": {"type": "LineString", "coordinates": [[78.4928, 17.354], [78.4928, 17.372]]}, "properties": {"segment_id": "R0173", "road_class": "arterial", "lanes": 2, "source_node": "N045", "target_node": "N057"}}, {"type": "Feature", "geometry": {"type": "LineString", "coordinates": [[78.4952, 17.372], [78.4952, 17.354]]}, "properties": {"segment_id": "R0174", "road_class": "arterial", "lanes": 2, "source_node": "N057", "target_node": "N045"}}, {"type": "Feature", "geometry": {"type": "LineString", "coordinates": [[78.512, 17.3552], [78.53, 17.3552]]}, "properties": {"segment_id": "R0175", "road_class": "collector", "lanes": 3, "source_node": "N046", "target_node": "N047"}}, {"type": "Feature", "geometry": {"type": "LineString", "coordinates": [[78.53, 17.3528], [78.512, 17.3528]]}, "properties": {"segment_id": "R0176", "road_class": "collector", "lanes": 3, "source_node": "N047", "target_node": "N046"}}, {"type": "Feature", "geometry": {"type": "LineString", "coordinates": [[78.5108, 17.354], [78.5108, 17.372]]}, "properties": {"segment_id": "R0177", "road_class": "collector", "lanes": 3, "source_node": "N046", "target_node": "N058"}}, {"type": "Feature", "geometry": {"type": "LineString", "coordinates": [[78.5132, 17.372], [78.5132, 17.354]]}, "properties": {"segment_id": "R0178", "road_class": "collector", "lanes": 2, "source_node": "N058", "target_node": "N046"}}, {"type": "Feature", "geometry": {"type": "LineString", "coordinates": [[78.53, 17.3552], [78.548, 17.3552]]}, "properties": {"segment_id": "R0179", "road_class": "collector", "lanes": 2, "source_node": "N047", "target_node": "N048"}}, {"type": "Feature", "geometry": {"type": "LineString", "coordinates": [[78.548, 17.3528], [78.53, 17.3528]]}, "properties": {"segment_id": "R0180", "road_class": "collector", "lanes": 2, "source_node": "N048", "target_node": "N047"}}, {"type": "Feature", "geometry": {"type": "LineString", "coordinates": [[78.5288, 17.354], [78.5288, 17.372]]}, "properties": {"segment_id": "R0181", "road_class": "collector", "lanes": 2, "source_node": "N047", "target_node": "N059"}}, {"type": "Feature", "geometry": {"type": "LineString", "coordinates": [[78.5312, 17.372], [78.5312, 17.354]]}, "properties": {"segment_id": "R0182", "road_class": "collector", "lanes": 2, "source_node": "N059", "target_node": "N047"}}, {"type": "Feature", "geometry": {"type": "LineString", "coordinates": [[78.5468, 17.354], [78.5468, 17.372]]}, "properties": {"segment_id": "R0183", "road_class": "collector", "lanes": 2, "source_node": "N048", "target_node": "N060"}}, {"type": "Feature", "geometry": {"type": "LineString", "coordinates": [[78.5492, 17.372], [78.5492, 17.354]]}, "properties": {"segment_id": "R0184", "road_class": "collector", "lanes": 3, "source_node": "N060", "target_node": "N048"}}, {"type": "Feature", "geometry": {"type": "LineString", "coordinates": [[78.35, 17.3732], [78.368, 17.3732]]}, "properties": {"segment_id": "R0185", "road_class": "collector", "lanes": 2, "source_node": "N049", "target_node": "N050"}}, {"type": "Feature", "geometry": {"type": "LineString", "coordinates": [[78.368, 17.3708], [78.35, 17.3708]]}, "properties": {"segment_id": "R0186", "road_class": "collector", "lanes": 1, "source_node": "N050", "target_node": "N049"}}, {"type": "Feature", "geometry": {"type": "LineString", "coordinates": [[78.3488, 17.372], [78.3488, 17.39]]}, "properties": {"segment_id": "R0187", "road_class": "collector", "lanes": 2, "source_node": "N049", "target_node": "N061"}}, {"type": "Feature", "geometry": {"type": "LineString", "coordinates": [[78.35119999999999, 17.39], [78.35119999999999, 17.372]]}, "properties": {"segment_id": "R0188", "road_class": "collector", "lanes": 2, "source_node": "N061", "target_node": "N049"}}, {"type": "Feature", "geometry": {"type": "LineString", "coordinates": [[78.368, 17.3732], [78.386, 17.3732]]}, "properties": {"segment_id": "R0189", "road_class": "collector", "lanes": 1, "source_node": "N050", "target_node": "N051"}}, {"type": "Feature", "geometry": {"type": "LineString", "coordinates": [[78.386, 17.3708], [78.368, 17.3708]]}, "properties": {"segment_id": "R0190", "road_class": "collector", "lanes": 2, "source_node": "N051", "target_node": "N050"}}, {"type": "Feature", "geometry": {"type": "LineString", "coordinates": [[78.3668, 17.372], [78.3668, 17.39]]}, "properties": {"segment_id": "R0191", "road_class": "collector", "lanes": 2, "source_node": "N050", "target_node": "N062"}}, {"type": "Feature", "geometry": {"type": "LineString", "coordinates": [[78.36919999999999, 17.39], [78.36919999999999, 17.372]]}, "properties": {"segment_id": "R0192", "road_class": "collector", "lanes": 2, "source_node": "N062", "target_node": "N050"}}, {"type": "Feature", "geometry": {"type": "LineString", "coordinates": [[78.386, 17.3732], [78.404, 17.3732]]}, "properties": {"segment_id": "R0193", "road_class": "arterial", "lanes": 2, "source_node": "N051", "target_node": "N052"}}, {"type": "Feature", "geometry": {"type": "LineString", "coordinates": [[78.404, 17.3708], [78.386, 17.3708]]}, "properties": {"segment_id": "R0194", "road_class": "arterial", "lanes": 2, "source_node": "N052", "target_node": "N051"}}, {"type": "Feature", "geometry": {"type": "LineString", "coordinates": [[78.3848, 17.372], [78.3848, 17.39]]}, "properties": {"segment_id": "R0195", "road_class": "arterial", "lanes": 3, "source_node": "N051", "target_node": "N063"}}, {"type": "Feature", "geometry": {"type": "LineString", "coordinates": [[78.38719999999999, 17.39], [78.38719999999999, 17.372]]}, "properties": {"segment_id": "R0196", "road_class": "arterial", "lanes": 1, "source_node": "N063", "target_node": "N051"}}, {"type": "Feature", "geometry": {"type": "LineString", "coordinates": [[78.404, 17.3732], [78.422, 17.3732]]}, "properties": {"segment_id": "R0197", "road_class": "collector", "lanes": 1, "source_node": "N052", "target_node": "N053"}}, {"type": "Feature", "geometry": {"type": "LineString", "coordinates": [[78.422, 17.3708], [78.404, 17.3708]]}, "properties": {"segment_id": "R0198", "road_class": "collector", "lanes": 2, "source_node": "N053", "target_node": "N052"}}, {"type": "Feature", "geometry": {"type": "LineString", "coordinates": [[78.4028, 17.372], [78.4028, 17.39]]}, "properties": {"segment_id": "R0199", "road_class": "collector", "lanes": 2, "source_node": "N052", "target_node": "N064"}}, {"type": "Feature", "geometry": {"type": "LineString", "coordinates": [[78.4052, 17.39], [78.4052, 17.372]]}, "properties": {"segment_id": "R0200", "road_class": "collector", "lanes": 2, "source_node": "N064", "target_node": "N052"}}, {"type": "Feature", "geometry": {"type": "LineString", "coordinates": [[78.422, 17.3732], [78.44, 17.3732]]}, "properties": {"segment_id": "R0201", "road_class": "collector", "lanes": 1, "source_node": "N053", "target_node": "N054"}}, {"type": "Feature", "geometry": {"type": "LineString", "coordinates": [[78.44, 17.3708], [78.422, 17.3708]]}, "properties": {"segment_id": "R0202", "road_class": "collector", "lanes": 2, "source_node": "N054", "target_node": "N053"}}, {"type": "Feature", "geometry": {"type": "LineString", "coordinates": [[78.4208, 17.372], [78.4208, 17.39]]}, "properties": {"segment_id": "R0203", "road_class": "collector", "lanes": 3, "source_node": "N053", "target_node": "N065"}}, {"type": "Feature", "geometry": {"type": "LineString", "coordinates": [[78.4232, 17.39], [78.4232, 17.372]]}, "properties": {"segment_id": "R0204", "road_class": "collector", "lanes": 3, "source_node": "N065", "target_node": "N053"}}, {"type": "Feature", "geometry": {"type": "LineString", "coordinates": [[78.44, 17.3732], [78.458, 17.3732]]}, "properties": {"segment_id": "R0205", "road_class": "arterial", "lanes": 3, "source_node": "N054", "target_node": "N055"}}, {"type": "Feature", "geometry": {"type": "LineString", "coordinates": [[78.458, 17.3708], [78.44, 17.3708]]}, "properties": {"segment_id": "R0206", "road_class": "arterial", "lanes": 1, "source_node": "N055", "target_node": "N054"}}, {"type": "Feature", "geometry": {"type": "LineString", "coordinates": [[78.4388, 17.372], [78.4388, 17.39]]}, "properties": {"segment_id": "R0207", "road_class": "arterial", "lanes": 2, "source_node": "N054", "target_node": "N066"}}, {"type": "Feature", "geometry": {"type": "LineString", "coordinates": [[78.4412, 17.39], [78.4412, 17.372]]}, "properties": {"segment_id": "R0208", "road_class": "arterial", "lanes": 2, "source_node": "N066", "target_node": "N054"}}, {"type": "Feature", "geometry": {"type": "LineString", "coordinates": [[78.458, 17.3732], [78.476, 17.3732]]}, "properties": {"segment_id": "R0209", "road_class": "collector", "lanes": 1, "source_node": "N055", "target_node": "N056"}}, {"type": "Feature", "geometry": {"type": "LineString", "coordinates": [[78.476, 17.3708], [78.458, 17.3708]]}, "properties": {"segment_id": "R0210", "road_class": "collector", "lanes": 2, "source_node": "N056", "target_node": "N055"}}, {"type": "Feature", "geometry": {"type": "LineString", "coordinates": [[78.4568, 17.372], [78.4568, 17.39]]}, "properties": {"segment_id": "R0211", "road_class": "collector", "lanes": 2, "source_node": "N055", "target_node": "N067"}}, {"type": "Feature", "geometry": {"type": "LineString", "coordinates": [[78.4592, 17.39], [78.4592, 17.372]]}, "properties": {"segment_id": "R0212", "road_class": "collector", "lanes": 2, "source_node": "N067", "target_node": "N055"}}, {"type": "Feature", "geometry": {"type": "LineString", "coordinates": [[78.476, 17.3732], [78.494, 17.3732]]}, "properties": {"segment_id": "R0213", "road_class": "collector", "lanes": 2, "source_node": "N056", "target_node": "N057"}}, {"type": "Feature", "geometry": {"type": "LineString", "coordinates": [[78.494, 17.3708], [78.476, 17.3708]]}, "properties": {"segment_id": "R0214", "road_class": "collector", "lanes": 3, "source_node": "N057", "target_node": "N056"}}, {"type": "Feature", "geometry": {"type": "LineString", "coordinates": [[78.4748, 17.372], [78.4748, 17.39]]}, "properties": {"segment_id": "R0215", "road_class": "collector", "lanes": 2, "source_node": "N056", "target_node": "N068"}}, {"type": "Feature", "geometry": {"type": "LineString", "coordinates": [[78.4772, 17.39], [78.4772, 17.372]]}, "properties": {"segment_id": "R0216", "road_class": "collector", "lanes": 3, "source_node": "N068", "target_node": "N056"}}, {"type": "Feature", "geometry": {"type": "LineString", "coordinates": [[78.494, 17.3732], [78.512, 17.3732]]}, "properties": {"segment_id": "R0217", "road_class": "arterial", "lanes": 2, "source_node": "N057", "target_node": "N058"}}, {"type": "Feature", "geometry": {"type": "LineString", "coordinates": [[78.512, 17.3708], [78.494, 17.3708]]}, "properties": {"segment_id": "R0218", "road_class": "arterial", "lanes": 3, "source_node": "N058", "target_node": "N057"}}, {"type": "Feature", "geometry": {"type": "LineString", "coordinates": [[78.4928, 17.372], [78.4928, 17.39]]}, "properties": {"segment_id": "R0219", "road_class": "arterial", "lanes": 2, "source_node": "N057", "target_node": "N069"}}, {"type": "Feature", "geometry": {"type": "LineString", "coordinates": [[78.4952, 17.39], [78.4952, 17.372]]}, "properties": {"segment_id": "R0220", "road_class": "arterial", "lanes": 2, "source_node": "N069", "target_node": "N057"}}, {"type": "Feature", "geometry": {"type": "LineString", "coordinates": [[78.512, 17.3732], [78.53, 17.3732]]}, "properties": {"segment_id": "R0221", "road_class": "collector", "lanes": 1, "source_node": "N058", "target_node": "N059"}}, {"type": "Feature", "geometry": {"type": "LineString", "coordinates": [[78.53, 17.3708], [78.512, 17.3708]]}, "properties": {"segment_id": "R0222", "road_class": "collector", "lanes": 3, "source_node": "N059", "target_node": "N058"}}, {"type": "Feature", "geometry": {"type": "LineString", "coordinates": [[78.5108, 17.372], [78.5108, 17.39]]}, "properties": {"segment_id": "R0223", "road_class": "collector", "lanes": 1, "source_node": "N058", "target_node": "N070"}}, {"type": "Feature", "geometry": {"type": "LineString", "coordinates": [[78.5132, 17.39], [78.5132, 17.372]]}, "properties": {"segment_id": "R0224", "road_class": "collector", "lanes": 3, "source_node": "N070", "target_node": "N058"}}, {"type": "Feature", "geometry": {"type": "LineString", "coordinates": [[78.53, 17.3732], [78.548, 17.3732]]}, "properties": {"segment_id": "R0225", "road_class": "collector", "lanes": 2, "source_node": "N059", "target_node": "N060"}}, {"type": "Feature", "geometry": {"type": "LineString", "coordinates": [[78.548, 17.3708], [78.53, 17.3708]]}, "properties": {"segment_id": "R0226", "road_class": "collector", "lanes": 1, "source_node": "N060", "target_node": "N059"}}, {"type": "Feature", "geometry": {"type": "LineString", "coordinates": [[78.5288, 17.372], [78.5288, 17.39]]}, "properties": {"segment_id": "R0227", "road_class": "collector", "lanes": 2, "source_node": "N059", "target_node": "N071"}}, {"type": "Feature", "geometry": {"type": "LineString", "coordinates": [[78.5312, 17.39], [78.5312, 17.372]]}, "properties": {"segment_id": "R0228", "road_class": "collector", "lanes": 3, "source_node": "N071", "target_node": "N059"}}, {"type": "Feature", "geometry": {"type": "LineString", "coordinates": [[78.5468, 17.372], [78.5468, 17.39]]}, "properties": {"segment_id": "R0229", "road_class": "collector", "lanes": 2, "source_node": "N060", "target_node": "N072"}}, {"type": "Feature", "geometry": {"type": "LineString", "coordinates": [[78.5492, 17.39], [78.5492, 17.372]]}, "properties": {"segment_id": "R0230", "road_class": "collector", "lanes": 2, "source_node": "N072", "target_node": "N060"}}, {"type": "Feature", "geometry": {"type": "LineString", "coordinates": [[78.35, 17.3912], [78.368, 17.3912]]}, "properties": {"segment_id": "R0231", "road_class": "collector", "lanes": 2, "source_node": "N061", "target_node": "N062"}}, {"type": "Feature", "geometry": {"type": "LineString", "coordinates": [[78.368, 17.3888], [78.35, 17.3888]]}, "properties": {"segment_id": "R0232", "road_class": "collector", "lanes": 2, "source_node": "N062", "target_node": "N061"}}, {"type": "Feature", "geometry": {"type": "LineString", "coordinates": [[78.3488, 17.39], [78.3488, 17.408]]}, "properties": {"segment_id": "R0233", "road_class": "collector", "lanes": 3, "source_node": "N061", "target_node": "N073"}}, {"type": "Feature", "geometry": {"type": "LineString", "coordinates": [[78.35119999999999, 17.408], [78.35119999999999, 17.39]]}, "properties": {"segment_id": "R0234", "road_class": "collector", "lanes": 2, "source_node": "N073", "target_node": "N061"}}, {"type": "Feature", "geometry": {"type": "LineString", "coordinates": [[78.368, 17.3912], [78.386, 17.3912]]}, "properties": {"segment_id": "R0235", "road_class": "collector", "lanes": 1, "source_node": "N062", "target_node": "N063"}}, {"type": "Feature", "geometry": {"type": "LineString", "coordinates": [[78.386, 17.3888], [78.368, 17.3888]]}, "properties": {"segment_id": "R0236", "road_class": "collector", "lanes": 3, "source_node": "N063", "target_node": "N062"}}, {"type": "Feature", "geometry": {"type": "LineString", "coordinates": [[78.3668, 17.39], [78.3668, 17.408]]}, "properties": {"segment_id": "R0237", "road_class": "collector", "lanes": 3, "source_node": "N062", "target_node": "N074"}}, {"type": "Feature", "geometry": {"type": "LineString", "coordinates": [[78.36919999999999, 17.408], [78.36919999999999, 17.39]]}, "properties": {"segment_id": "R0238", "road_class": "collector", "lanes": 2, "source_node": "N074", "target_node": "N062"}}, {"type": "Feature", "geometry": {"type": "LineString", "coordinates": [[78.386, 17.3912], [78.404, 17.3912]]}, "properties": {"segment_id": "R0239", "road_class": "arterial", "lanes": 1, "source_node": "N063", "target_node": "N064"}}, {"type": "Feature", "geometry": {"type": "LineString", "coordinates": [[78.404, 17.3888], [78.386, 17.3888]]}, "properties": {"segment_id": "R0240", "road_class": "arterial", "lanes": 2, "source_node": "N064", "target_node": "N063"}}, {"type": "Feature", "geometry": {"type": "LineString", "coordinates": [[78.3848, 17.39], [78.3848, 17.408]]}, "properties": {"segment_id": "R0241", "road_class": "arterial", "lanes": 2, "source_node": "N063", "target_node": "N075"}}, {"type": "Feature", "geometry": {"type": "LineString", "coordinates": [[78.38719999999999, 17.408], [78.38719999999999, 17.39]]}, "properties": {"segment_id": "R0242", "road_class": "arterial", "lanes": 2, "source_node": "N075", "target_node": "N063"}}, {"type": "Feature", "geometry": {"type": "LineString", "coordinates": [[78.404, 17.3912], [78.422, 17.3912]]}, "properties": {"segment_id": "R0243", "road_class": "collector", "lanes": 2, "source_node": "N064", "target_node": "N065"}}, {"type": "Feature", "geometry": {"type": "LineString", "coordinates": [[78.422, 17.3888], [78.404, 17.3888]]}, "properties": {"segment_id": "R0244", "road_class": "collector", "lanes": 2, "source_node": "N065", "target_node": "N064"}}, {"type": "Feature", "geometry": {"type": "LineString", "coordinates": [[78.4028, 17.39], [78.4028, 17.408]]}, "properties": {"segment_id": "R0245", "road_class": "collector", "lanes": 2, "source_node": "N064", "target_node": "N076"}}, {"type": "Feature", "geometry": {"type": "LineString", "coordinates": [[78.4052, 17.408], [78.4052, 17.39]]}, "properties": {"segment_id": "R0246", "road_class": "collector", "lanes": 3, "source_node": "N076", "target_node": "N064"}}, {"type": "Feature", "geometry": {"type": "LineString", "coordinates": [[78.422, 17.3912], [78.44, 17.3912]]}, "properties": {"segment_id": "R0247", "road_class": "collector", "lanes": 2, "source_node": "N065", "target_node": "N066"}}, {"type": "Feature", "geometry": {"type": "LineString", "coordinates": [[78.44, 17.3888], [78.422, 17.3888]]}, "properties": {"segment_id": "R0248", "road_class": "collector", "lanes": 2, "source_node": "N066", "target_node": "N065"}}, {"type": "Feature", "geometry": {"type": "LineString", "coordinates": [[78.4208, 17.39], [78.4208, 17.408]]}, "properties": {"segment_id": "R0249", "road_class": "collector", "lanes": 2, "source_node": "N065", "target_node": "N077"}}, {"type": "Feature", "geometry": {"type": "LineString", "coordinates": [[78.4232, 17.408], [78.4232, 17.39]]}, "properties": {"segment_id": "R0250", "road_class": "collector", "lanes": 2, "source_node": "N077", "target_node": "N065"}}, {"type": "Feature", "geometry": {"type": "LineString", "coordinates": [[78.44, 17.3912], [78.458, 17.3912]]}, "properties": {"segment_id": "R0251", "road_class": "arterial", "lanes": 2, "source_node": "N066", "target_node": "N067"}}, {"type": "Feature", "geometry": {"type": "LineString", "coordinates": [[78.458, 17.3888], [78.44, 17.3888]]}, "properties": {"segment_id": "R0252", "road_class": "arterial", "lanes": 1, "source_node": "N067", "target_node": "N066"}}, {"type": "Feature", "geometry": {"type": "LineString", "coordinates": [[78.4388, 17.39], [78.4388, 17.408]]}, "properties": {"segment_id": "R0253", "road_class": "arterial", "lanes": 2, "source_node": "N066", "target_node": "N078"}}, {"type": "Feature", "geometry": {"type": "LineString", "coordinates": [[78.4412, 17.408], [78.4412, 17.39]]}, "properties": {"segment_id": "R0254", "road_class": "arterial", "lanes": 1, "source_node": "N078", "target_node": "N066"}}, {"type": "Feature", "geometry": {"type": "LineString", "coordinates": [[78.458, 17.3912], [78.476, 17.3912]]}, "properties": {"segment_id": "R0255", "road_class": "collector", "lanes": 3, "source_node": "N067", "target_node": "N068"}}, {"type": "Feature", "geometry": {"type": "LineString", "coordinates": [[78.476, 17.3888], [78.458, 17.3888]]}, "properties": {"segment_id": "R0256", "road_class": "collector", "lanes": 3, "source_node": "N068", "target_node": "N067"}}, {"type": "Feature", "geometry": {"type": "LineString", "coordinates": [[78.4568, 17.39], [78.4568, 17.408]]}, "properties": {"segment_id": "R0257", "road_class": "collector", "lanes": 3, "source_node": "N067", "target_node": "N079"}}, {"type": "Feature", "geometry": {"type": "LineString", "coordinates": [[78.4592, 17.408], [78.4592, 17.39]]}, "properties": {"segment_id": "R0258", "road_class": "collector", "lanes": 2, "source_node": "N079", "target_node": "N067"}}, {"type": "Feature", "geometry": {"type": "LineString", "coordinates": [[78.476, 17.3912], [78.494, 17.3912]]}, "properties": {"segment_id": "R0259", "road_class": "collector", "lanes": 2, "source_node": "N068", "target_node": "N069"}}, {"type": "Feature", "geometry": {"type": "LineString", "coordinates": [[78.494, 17.3888], [78.476, 17.3888]]}, "properties": {"segment_id": "R0260", "road_class": "collector", "lanes": 2, "source_node": "N069", "target_node": "N068"}}, {"type": "Feature", "geometry": {"type": "LineString", "coordinates": [[78.4748, 17.39], [78.4748, 17.408]]}, "properties": {"segment_id": "R0261", "road_class": "collector", "lanes": 2, "source_node": "N068", "target_node": "N080"}}, {"type": "Feature", "geometry": {"type": "LineString", "coordinates": [[78.4772, 17.408], [78.4772, 17.39]]}, "properties": {"segment_id": "R0262", "road_class": "collector", "lanes": 1, "source_node": "N080", "target_node": "N068"}}, {"type": "Feature", "geometry": {"type": "LineString", "coordinates": [[78.494, 17.3912], [78.512, 17.3912]]}, "properties": {"segment_id": "R0263", "road_class": "arterial", "lanes": 2, "source_node": "N069", "target_node": "N070"}}, {"type": "Feature", "geometry": {"type": "LineString", "coordinates": [[78.512, 17.3888], [78.494, 17.3888]]}, "properties": {"segment_id": "R0264", "road_class": "arterial", "lanes": 2, "source_node": "N070", "target_node": "N069"}}, {"type": "Feature", "geometry": {"type": "LineString", "coordinates": [[78.4928, 17.39], [78.4928, 17.408]]}, "properties": {"segment_id": "R0265", "road_class": "arterial", "lanes": 3, "source_node": "N069", "target_node": "N081"}}, {"type": "Feature", "geometry": {"type": "LineString", "coordinates": [[78.4952, 17.408], [78.4952, 17.39]]}, "properties": {"segment_id": "R0266", "road_class": "arterial", "lanes": 3, "source_node": "N081", "target_node": "N069"}}, {"type": "Feature", "geometry": {"type": "LineString", "coordinates": [[78.512, 17.3912], [78.53, 17.3912]]}, "properties": {"segment_id": "R0267", "road_class": "collector", "lanes": 2, "source_node": "N070", "target_node": "N071"}}, {"type": "Feature", "geometry": {"type": "LineString", "coordinates": [[78.53, 17.3888], [78.512, 17.3888]]}, "properties": {"segment_id": "R0268", "road_class": "collector", "lanes": 2, "source_node": "N071", "target_node": "N070"}}, {"type": "Feature", "geometry": {"type": "LineString", "coordinates": [[78.5108, 17.39], [78.5108, 17.408]]}, "properties": {"segment_id": "R0269", "road_class": "collector", "lanes": 3, "source_node": "N070", "target_node": "N082"}}, {"type": "Feature", "geometry": {"type": "LineString", "coordinates": [[78.5132, 17.408], [78.5132, 17.39]]}, "properties": {"segment_id": "R0270", "road_class": "collector", "lanes": 1, "source_node": "N082", "target_node": "N070"}}, {"type": "Feature", "geometry": {"type": "LineString", "coordinates": [[78.53, 17.3912], [78.548, 17.3912]]}, "properties": {"segment_id": "R0271", "road_class": "collector", "lanes": 3, "source_node": "N071", "target_node": "N072"}}, {"type": "Feature", "geometry": {"type": "LineString", "coordinates": [[78.548, 17.3888], [78.53, 17.3888]]}, "properties": {"segment_id": "R0272", "road_class": "collector", "lanes": 2, "source_node": "N072", "target_node": "N071"}}, {"type": "Feature", "geometry": {"type": "LineString", "coordinates": [[78.5288, 17.39], [78.5288, 17.408]]}, "properties": {"segment_id": "R0273", "road_class": "collector", "lanes": 3, "source_node": "N071", "target_node": "N083"}}, {"type": "Feature", "geometry": {"type": "LineString", "coordinates": [[78.5312, 17.408], [78.5312, 17.39]]}, "properties": {"segment_id": "R0274", "road_class": "collector", "lanes": 1, "source_node": "N083", "target_node": "N071"}}, {"type": "Feature", "geometry": {"type": "LineString", "coordinates": [[78.5468, 17.39], [78.5468, 17.408]]}, "properties": {"segment_id": "R0275", "road_class": "collector", "lanes": 2, "source_node": "N072", "target_node": "N084"}}, {"type": "Feature", "geometry": {"type": "LineString", "coordinates": [[78.5492, 17.408], [78.5492, 17.39]]}, "properties": {"segment_id": "R0276", "road_class": "collector", "lanes": 2, "source_node": "N084", "target_node": "N072"}}, {"type": "Feature", "geometry": {"type": "LineString", "coordinates": [[78.35, 17.409200000000002], [78.368, 17.409200000000002]]}, "properties": {"segment_id": "R0277", "road_class": "arterial", "lanes": 2, "source_node": "N073", "target_node": "N074"}}, {"type": "Feature", "geometry": {"type": "LineString", "coordinates": [[78.368, 17.4068], [78.35, 17.4068]]}, "properties": {"segment_id": "R0278", "road_class": "arterial", "lanes": 1, "source_node": "N074", "target_node": "N073"}}, {"type": "Feature", "geometry": {"type": "LineString", "coordinates": [[78.3488, 17.408], [78.3488, 17.426]]}, "properties": {"segment_id": "R0279", "road_class": "arterial", "lanes": 2, "source_node": "N073", "target_node": "N085"}}, {"type": "Feature", "geometry": {"type": "LineString", "coordinates": [[78.35119999999999, 17.426], [78.35119999999999, 17.408]]}, "properties": {"segment_id": "R0280", "road_class": "arterial", "lanes": 1, "source_node": "N085", "target_node": "N073"}}, {"type": "Feature", "geometry": {"type": "LineString", "coordinates": [[78.368, 17.409200000000002], [78.386, 17.409200000000002]]}, "properties": {"segment_id": "R0281", "road_class": "arterial", "lanes": 3, "source_node": "N074", "target_node": "N075"}}, {"type": "Feature", "geometry": {"type": "LineString", "coordinates": [[78.386, 17.4068], [78.368, 17.4068]]}, "properties": {"segment_id": "R0282", "road_class": "arterial", "lanes": 2, "source_node": "N075", "target_node": "N074"}}, {"type": "Feature", "geometry": {"type": "LineString", "coordinates": [[78.3668, 17.408], [78.3668, 17.426]]}, "properties": {"segment_id": "R0283", "road_class": "arterial", "lanes": 1, "source_node": "N074", "target_node": "N086"}}, {"type": "Feature", "geometry": {"type": "LineString", "coordinates": [[78.36919999999999, 17.426], [78.36919999999999, 17.408]]}, "properties": {"segment_id": "R0284", "road_class": "arterial", "lanes": 2, "source_node": "N086", "target_node": "N074"}}, {"type": "Feature", "geometry": {"type": "LineString", "coordinates": [[78.386, 17.409200000000002], [78.404, 17.409200000000002]]}, "properties": {"segment_id": "R0285", "road_class": "arterial", "lanes": 2, "source_node": "N075", "target_node": "N076"}}, {"type": "Feature", "geometry": {"type": "LineString", "coordinates": [[78.404, 17.4068], [78.386, 17.4068]]}, "properties": {"segment_id": "R0286", "road_class": "arterial", "lanes": 2, "source_node": "N076", "target_node": "N075"}}, {"type": "Feature", "geometry": {"type": "LineString", "coordinates": [[78.3848, 17.408], [78.3848, 17.426]]}, "properties": {"segment_id": "R0287", "road_class": "arterial", "lanes": 2, "source_node": "N075", "target_node": "N087"}}, {"type": "Feature", "geometry": {"type": "LineString", "coordinates": [[78.38719999999999, 17.426], [78.38719999999999, 17.408]]}, "properties": {"segment_id": "R0288", "road_class": "arterial", "lanes": 1, "source_node": "N087", "target_node": "N075"}}, {"type": "Feature", "geometry": {"type": "LineString", "coordinates": [[78.404, 17.409200000000002], [78.422, 17.409200000000002]]}, "properties": {"segment_id": "R0289", "road_class": "arterial", "lanes": 2, "source_node": "N076", "target_node": "N077"}}, {"type": "Feature", "geometry": {"type": "LineString", "coordinates": [[78.422, 17.4068], [78.404, 17.4068]]}, "properties": {"segment_id": "R0290", "road_class": "arterial", "lanes": 2, "source_node": "N077", "target_node": "N076"}}, {"type": "Feature", "geometry": {"type": "LineString", "coordinates": [[78.4028, 17.408], [78.4028, 17.426]]}, "properties": {"segment_id": "R0291", "road_class": "arterial", "lanes": 3, "source_node": "N076", "target_node": "N088"}}, {"type": "Feature", "geometry": {"type": "LineString", "coordinates": [[78.4052, 17.426], [78.4052, 17.408]]}, "properties": {"segment_id": "R0292", "road_class": "arterial", "lanes": 2, "source_node": "N088", "target_node": "N076"}}, {"type": "Feature", "geometry": {"type": "LineString", "coordinates": [[78.422, 17.409200000000002], [78.44, 17.409200000000002]]}, "properties": {"segment_id": "R0293", "road_class": "arterial", "lanes": 2, "source_node": "N077", "target_node": "N078"}}, {"type": "Feature", "geometry": {"type": "LineString", "coordinates": [[78.44, 17.4068], [78.422, 17.4068]]}, "properties": {"segment_id": "R0294", "road_class": "arterial", "lanes": 3, "source_node": "N078", "target_node": "N077"}}, {"type": "Feature", "geometry": {"type": "LineString", "coordinates": [[78.4208, 17.408], [78.4208, 17.426]]}, "properties": {"segment_id": "R0295", "road_class": "arterial", "lanes": 1, "source_node": "N077", "target_node": "N089"}}, {"type": "Feature", "geometry": {"type": "LineString", "coordinates": [[78.4232, 17.426], [78.4232, 17.408]]}, "properties": {"segment_id": "R0296", "road_class": "arterial", "lanes": 3, "source_node": "N089", "target_node": "N077"}}, {"type": "Feature", "geometry": {"type": "LineString", "coordinates": [[78.44, 17.409200000000002], [78.458, 17.409200000000002]]}, "properties": {"segment_id": "R0297", "road_class": "arterial", "lanes": 2, "source_node": "N078", "target_node": "N079"}}, {"type": "Feature", "geometry": {"type": "LineString", "coordinates": [[78.458, 17.4068], [78.44, 17.4068]]}, "properties": {"segment_id": "R0298", "road_class": "arterial", "lanes": 2, "source_node": "N079", "target_node": "N078"}}, {"type": "Feature", "geometry": {"type": "LineString", "coordinates": [[78.4388, 17.408], [78.4388, 17.426]]}, "properties": {"segment_id": "R0299", "road_class": "arterial", "lanes": 1, "source_node": "N078", "target_node": "N090"}}, {"type": "Feature", "geometry": {"type": "LineString", "coordinates": [[78.4412, 17.426], [78.4412, 17.408]]}, "properties": {"segment_id": "R0300", "road_class": "arterial", "lanes": 2, "source_node": "N090", "target_node": "N078"}}, {"type": "Feature", "geometry": {"type": "LineString", "coordinates": [[78.458, 17.409200000000002], [78.476, 17.409200000000002]]}, "properties": {"segment_id": "R0301", "road_class": "arterial", "lanes": 2, "source_node": "N079", "target_node": "N080"}}, {"type": "Feature", "geometry": {"type": "LineString", "coordinates": [[78.476, 17.4068], [78.458, 17.4068]]}, "properties": {"segment_id": "R0302", "road_class": "arterial", "lanes": 2, "source_node": "N080", "target_node": "N079"}}, {"type": "Feature", "geometry": {"type": "LineString", "coordinates": [[78.4568, 17.408], [78.4568, 17.426]]}, "properties": {"segment_id": "R0303", "road_class": "arterial", "lanes": 2, "source_node": "N079", "target_node": "N091"}}, {"type": "Feature", "geometry": {"type": "LineString", "coordinates": [[78.4592, 17.426], [78.4592, 17.408]]}, "properties": {"segment_id": "R0304", "road_class": "arterial", "lanes": 2, "source_node": "N091", "target_node": "N079"}}, {"type": "Feature", "geometry": {"type": "LineString", "coordinates": [[78.476, 17.409200000000002], [78.494, 17.409200000000002]]}, "properties": {"segment_id": "R0305", "road_class": "arterial", "lanes": 2, "source_node": "N080", "target_node": "N081"}}, {"type": "Feature", "geometry": {"type": "LineString", "coordinates": [[78.494, 17.4068], [78.476, 17.4068]]}, "properties": {"segment_id": "R0306", "road_class": "arterial", "lanes": 2, "source_node": "N081", "target_node": "N080"}}, {"type": "Feature", "geometry": {"type": "LineString", "coordinates": [[78.4748, 17.408], [78.4748, 17.426]]}, "properties": {"segment_id": "R0307", "road_class": "arterial", "lanes": 2, "source_node": "N080", "target_node": "N092"}}, {"type": "Feature", "geometry": {"type": "LineString", "coordinates": [[78.4772, 17.426], [78.4772, 17.408]]}, "properties": {"segment_id": "R0308", "road_class": "arterial", "lanes": 2, "source_node": "N092", "target_node": "N080"}}, {"type": "Feature", "geometry": {"type": "LineString", "coordinates": [[78.494, 17.409200000000002], [78.512, 17.409200000000002]]}, "properties": {"segment_id": "R0309", "road_class": "arterial", "lanes": 3, "source_node": "N081", "target_node": "N082"}}, {"type": "Feature", "geometry": {"type": "LineString", "coordinates": [[78.512, 17.4068], [78.494, 17.4068]]}, "properties": {"segment_id": "R0310", "road_class": "arterial", "lanes": 1, "source_node": "N082", "target_node": "N081"}}, {"type": "Feature", "geometry": {"type": "LineString", "coordinates": [[78.4928, 17.408], [78.4928, 17.426]]}, "properties": {"segment_id": "R0311", "road_class": "arterial", "lanes": 2, "source_node": "N081", "target_node": "N093"}}, {"type": "Feature", "geometry": {"type": "LineString", "coordinates": [[78.4952, 17.426], [78.4952, 17.408]]}, "properties": {"segment_id": "R0312", "road_class": "arterial", "lanes": 1, "source_node": "N093", "target_node": "N081"}}, {"type": "Feature", "geometry": {"type": "LineString", "coordinates": [[78.512, 17.409200000000002], [78.53, 17.409200000000002]]}, "properties": {"segment_id": "R0313", "road_class": "arterial", "lanes": 1, "source_node": "N082", "target_node": "N083"}}, {"type": "Feature", "geometry": {"type": "LineString", "coordinates": [[78.53, 17.4068], [78.512, 17.4068]]}, "properties": {"segment_id": "R0314", "road_class": "arterial", "lanes": 3, "source_node": "N083", "target_node": "N082"}}, {"type": "Feature", "geometry": {"type": "LineString", "coordinates": [[78.5108, 17.408], [78.5108, 17.426]]}, "properties": {"segment_id": "R0315", "road_class": "arterial", "lanes": 1, "source_node": "N082", "target_node": "N094"}}, {"type": "Feature", "geometry": {"type": "LineString", "coordinates": [[78.5132, 17.426], [78.5132, 17.408]]}, "properties": {"segment_id": "R0316", "road_class": "arterial", "lanes": 1, "source_node": "N094", "target_node": "N082"}}, {"type": "Feature", "geometry": {"type": "LineString", "coordinates": [[78.53, 17.409200000000002], [78.548, 17.409200000000002]]}, "properties": {"segment_id": "R0317", "road_class": "arterial", "lanes": 3, "source_node": "N083", "target_node": "N084"}}, {"type": "Feature", "geometry": {"type": "LineString", "coordinates": [[78.548, 17.4068], [78.53, 17.4068]]}, "properties": {"segment_id": "R0318", "road_class": "arterial", "lanes": 2, "source_node": "N084", "target_node": "N083"}}, {"type": "Feature", "geometry": {"type": "LineString", "coordinates": [[78.5288, 17.408], [78.5288, 17.426]]}, "properties": {"segment_id": "R0319", "road_class": "arterial", "lanes": 3, "source_node": "N083", "target_node": "N095"}}, {"type": "Feature", "geometry": {"type": "LineString", "coordinates": [[78.5312, 17.426], [78.5312, 17.408]]}, "properties": {"segment_id": "R0320", "road_class": "arterial", "lanes": 2, "source_node": "N095", "target_node": "N083"}}, {"type": "Feature", "geometry": {"type": "LineString", "coordinates": [[78.5468, 17.408], [78.5468, 17.426]]}, "properties": {"segment_id": "R0321", "road_class": "arterial", "lanes": 1, "source_node": "N084", "target_node": "N096"}}, {"type": "Feature", "geometry": {"type": "LineString", "coordinates": [[78.5492, 17.426], [78.5492, 17.408]]}, "properties": {"segment_id": "R0322", "road_class": "arterial", "lanes": 3, "source_node": "N096", "target_node": "N084"}}, {"type": "Feature", "geometry": {"type": "LineString", "coordinates": [[78.35, 17.4272], [78.368, 17.4272]]}, "properties": {"segment_id": "R0323", "road_class": "collector", "lanes": 2, "source_node": "N085", "target_node": "N086"}}, {"type": "Feature", "geometry": {"type": "LineString", "coordinates": [[78.368, 17.424799999999998], [78.35, 17.424799999999998]]}, "properties": {"segment_id": "R0324", "road_class": "collector", "lanes": 2, "source_node": "N086", "target_node": "N085"}}, {"type": "Feature", "geometry": {"type": "LineString", "coordinates": [[78.3488, 17.426], [78.3488, 17.444]]}, "properties": {"segment_id": "R0325", "road_class": "collector", "lanes": 2, "source_node": "N085", "target_node": "N097"}}, {"type": "Feature", "geometry": {"type": "LineString", "coordinates": [[78.35119999999999, 17.444], [78.35119999999999, 17.426]]}, "properties": {"segment_id": "R0326", "road_class": "collector", "lanes": 1, "source_node": "N097", "target_node": "N085"}}, {"type": "Feature", "geometry": {"type": "LineString", "coordinates": [[78.368, 17.4272], [78.386, 17.4272]]}, "properties": {"segment_id": "R0327", "road_class": "collector", "lanes": 2, "source_node": "N086", "target_node": "N087"}}, {"type": "Feature", "geometry": {"type": "LineString", "coordinates": [[78.386, 17.424799999999998], [78.368, 17.424799999999998]]}, "properties": {"segment_id": "R0328", "road_class": "collector", "lanes": 2, "source_node": "N087", "target_node": "N086"}}, {"type": "Feature", "geometry": {"type": "LineString", "coordinates": [[78.3668, 17.426], [78.3668, 17.444]]}, "properties": {"segment_id": "R0329", "road_class": "collector", "lanes": 2, "source_node": "N086", "target_node": "N098"}}, {"type": "Feature", "geometry": {"type": "LineString", "coordinates": [[78.36919999999999, 17.444], [78.36919999999999, 17.426]]}, "properties": {"segment_id": "R0330", "road_class": "collector", "lanes": 2, "source_node": "N098", "target_node": "N086"}}, {"type": "Feature", "geometry": {"type": "LineString", "coordinates": [[78.386, 17.4272], [78.404, 17.4272]]}, "properties": {"segment_id": "R0331", "road_class": "arterial", "lanes": 1, "source_node": "N087", "target_node": "N088"}}, {"type": "Feature", "geometry": {"type": "LineString", "coordinates": [[78.404, 17.424799999999998], [78.386, 17.424799999999998]]}, "properties": {"segment_id": "R0332", "road_class": "arterial", "lanes": 2, "source_node": "N088", "target_node": "N087"}}, {"type": "Feature", "geometry": {"type": "LineString", "coordinates": [[78.3848, 17.426], [78.3848, 17.444]]}, "properties": {"segment_id": "R0333", "road_class": "arterial", "lanes": 2, "source_node": "N087", "target_node": "N099"}}, {"type": "Feature", "geometry": {"type": "LineString", "coordinates": [[78.38719999999999, 17.444], [78.38719999999999, 17.426]]}, "properties": {"segment_id": "R0334", "road_class": "arterial", "lanes": 2, "source_node": "N099", "target_node": "N087"}}, {"type": "Feature", "geometry": {"type": "LineString", "coordinates": [[78.404, 17.4272], [78.422, 17.4272]]}, "properties": {"segment_id": "R0335", "road_class": "collector", "lanes": 2, "source_node": "N088", "target_node": "N089"}}, {"type": "Feature", "geometry": {"type": "LineString", "coordinates": [[78.422, 17.424799999999998], [78.404, 17.424799999999998]]}, "properties": {"segment_id": "R0336", "road_class": "collector", "lanes": 2, "source_node": "N089", "target_node": "N088"}}, {"type": "Feature", "geometry": {"type": "LineString", "coordinates": [[78.4028, 17.426], [78.4028, 17.444]]}, "properties": {"segment_id": "R0337", "road_class": "collector", "lanes": 2, "source_node": "N088", "target_node": "N100"}}, {"type": "Feature", "geometry": {"type": "LineString", "coordinates": [[78.4052, 17.444], [78.4052, 17.426]]}, "properties": {"segment_id": "R0338", "road_class": "collector", "lanes": 2, "source_node": "N100", "target_node": "N088"}}, {"type": "Feature", "geometry": {"type": "LineString", "coordinates": [[78.422, 17.4272], [78.44, 17.4272]]}, "properties": {"segment_id": "R0339", "road_class": "collector", "lanes": 2, "source_node": "N089", "target_node": "N090"}}, {"type": "Feature", "geometry": {"type": "LineString", "coordinates": [[78.44, 17.424799999999998], [78.422, 17.424799999999998]]}, "properties": {"segment_id": "R0340", "road_class": "collector", "lanes": 1, "source_node": "N090", "target_node": "N089"}}, {"type": "Feature", "geometry": {"type": "LineString", "coordinates": [[78.4208, 17.426], [78.4208, 17.444]]}, "properties": {"segment_id": "R0341", "road_class": "collector", "lanes": 1, "source_node": "N089", "target_node": "N101"}}, {"type": "Feature", "geometry": {"type": "LineString", "coordinates": [[78.4232, 17.444], [78.4232, 17.426]]}, "properties": {"segment_id": "R0342", "road_class": "collector", "lanes": 3, "source_node": "N101", "target_node": "N089"}}, {"type": "Feature", "geometry": {"type": "LineString", "coordinates": [[78.44, 17.4272], [78.458, 17.4272]]}, "properties": {"segment_id": "R0343", "road_class": "arterial", "lanes": 1, "source_node": "N090", "target_node": "N091"}}, {"type": "Feature", "geometry": {"type": "LineString", "coordinates": [[78.458, 17.424799999999998], [78.44, 17.424799999999998]]}, "properties": {"segment_id": "R0344", "road_class": "arterial", "lanes": 1, "source_node": "N091", "target_node": "N090"}}, {"type": "Feature", "geometry": {"type": "LineString", "coordinates": [[78.4388, 17.426], [78.4388, 17.444]]}, "properties": {"segment_id": "R0345", "road_class": "arterial", "lanes": 2, "source_node": "N090", "target_node": "N102"}}, {"type": "Feature", "geometry": {"type": "LineString", "coordinates": [[78.4412, 17.444], [78.4412, 17.426]]}, "properties": {"segment_id": "R0346", "road_class": "arterial", "lanes": 3, "source_node": "N102", "target_node": "N090"}}, {"type": "Feature", "geometry": {"type": "LineString", "coordinates": [[78.458, 17.4272], [78.476, 17.4272]]}, "properties": {"segment_id": "R0347", "road_class": "collector", "lanes": 3, "source_node": "N091", "target_node": "N092"}}, {"type": "Feature", "geometry": {"type": "LineString", "coordinates": [[78.476, 17.424799999999998], [78.458, 17.424799999999998]]}, "properties": {"segment_id": "R0348", "road_class": "collector", "lanes": 2, "source_node": "N092", "target_node": "N091"}}, {"type": "Feature", "geometry": {"type": "LineString", "coordinates": [[78.4568, 17.426], [78.4568, 17.444]]}, "properties": {"segment_id": "R0349", "road_class": "collector", "lanes": 2, "source_node": "N091", "target_node": "N103"}}, {"type": "Feature", "geometry": {"type": "LineString", "coordinates": [[78.4592, 17.444], [78.4592, 17.426]]}, "properties": {"segment_id": "R0350", "road_class": "collector", "lanes": 2, "source_node": "N103", "target_node": "N091"}}, {"type": "Feature", "geometry": {"type": "LineString", "coordinates": [[78.476, 17.4272], [78.494, 17.4272]]}, "properties": {"segment_id": "R0351", "road_class": "collector", "lanes": 1, "source_node": "N092", "target_node": "N093"}}, {"type": "Feature", "geometry": {"type": "LineString", "coordinates": [[78.494, 17.424799999999998], [78.476, 17.424799999999998]]}, "properties": {"segment_id": "R0352", "road_class": "collector", "lanes": 1, "source_node": "N093", "target_node": "N092"}}, {"type": "Feature", "geometry": {"type": "LineString", "coordinates": [[78.4748, 17.426], [78.4748, 17.444]]}, "properties": {"segment_id": "R0353", "road_class": "collector", "lanes": 1, "source_node": "N092", "target_node": "N104"}}, {"type": "Feature", "geometry": {"type": "LineString", "coordinates": [[78.4772, 17.444], [78.4772, 17.426]]}, "properties": {"segment_id": "R0354", "road_class": "collector", "lanes": 3, "source_node": "N104", "target_node": "N092"}}, {"type": "Feature", "geometry": {"type": "LineString", "coordinates": [[78.494, 17.4272], [78.512, 17.4272]]}, "properties": {"segment_id": "R0355", "road_class": "arterial", "lanes": 3, "source_node": "N093", "target_node": "N094"}}, {"type": "Feature", "geometry": {"type": "LineString", "coordinates": [[78.512, 17.424799999999998], [78.494, 17.424799999999998]]}, "properties": {"segment_id": "R0356", "road_class": "arterial", "lanes": 3, "source_node": "N094", "target_node": "N093"}}, {"type": "Feature", "geometry": {"type": "LineString", "coordinates": [[78.4928, 17.426], [78.4928, 17.444]]}, "properties": {"segment_id": "R0357", "road_class": "arterial", "lanes": 1, "source_node": "N093", "target_node": "N105"}}, {"type": "Feature", "geometry": {"type": "LineString", "coordinates": [[78.4952, 17.444], [78.4952, 17.426]]}, "properties": {"segment_id": "R0358", "road_class": "arterial", "lanes": 2, "source_node": "N105", "target_node": "N093"}}, {"type": "Feature", "geometry": {"type": "LineString", "coordinates": [[78.512, 17.4272], [78.53, 17.4272]]}, "properties": {"segment_id": "R0359", "road_class": "collector", "lanes": 2, "source_node": "N094", "target_node": "N095"}}, {"type": "Feature", "geometry": {"type": "LineString", "coordinates": [[78.53, 17.424799999999998], [78.512, 17.424799999999998]]}, "properties": {"segment_id": "R0360", "road_class": "collector", "lanes": 3, "source_node": "N095", "target_node": "N094"}}, {"type": "Feature", "geometry": {"type": "LineString", "coordinates": [[78.5108, 17.426], [78.5108, 17.444]]}, "properties": {"segment_id": "R0361", "road_class": "collector", "lanes": 1, "source_node": "N094", "target_node": "N106"}}, {"type": "Feature", "geometry": {"type": "LineString", "coordinates": [[78.5132, 17.444], [78.5132, 17.426]]}, "properties": {"segment_id": "R0362", "road_class": "collector", "lanes": 3, "source_node": "N106", "target_node": "N094"}}, {"type": "Feature", "geometry": {"type": "LineString", "coordinates": [[78.53, 17.4272], [78.548, 17.4272]]}, "properties": {"segment_id": "R0363", "road_class": "collector", "lanes": 1, "source_node": "N095", "target_node": "N096"}}, {"type": "Feature", "geometry": {"type": "LineString", "coordinates": [[78.548, 17.424799999999998], [78.53, 17.424799999999998]]}, "properties": {"segment_id": "R0364", "road_class": "collector", "lanes": 2, "source_node": "N096", "target_node": "N095"}}, {"type": "Feature", "geometry": {"type": "LineString", "coordinates": [[78.5288, 17.426], [78.5288, 17.444]]}, "properties": {"segment_id": "R0365", "road_class": "collector", "lanes": 1, "source_node": "N095", "target_node": "N107"}}, {"type": "Feature", "geometry": {"type": "LineString", "coordinates": [[78.5312, 17.444], [78.5312, 17.426]]}, "properties": {"segment_id": "R0366", "road_class": "collector", "lanes": 2, "source_node": "N107", "target_node": "N095"}}, {"type": "Feature", "geometry": {"type": "LineString", "coordinates": [[78.5468, 17.426], [78.5468, 17.444]]}, "properties": {"segment_id": "R0367", "road_class": "collector", "lanes": 1, "source_node": "N096", "target_node": "N108"}}, {"type": "Feature", "geometry": {"type": "LineString", "coordinates": [[78.5492, 17.444], [78.5492, 17.426]]}, "properties": {"segment_id": "R0368", "road_class": "collector", "lanes": 2, "source_node": "N108", "target_node": "N096"}}, {"type": "Feature", "geometry": {"type": "LineString", "coordinates": [[78.35, 17.4452], [78.368, 17.4452]]}, "properties": {"segment_id": "R0369", "road_class": "collector", "lanes": 2, "source_node": "N097", "target_node": "N098"}}, {"type": "Feature", "geometry": {"type": "LineString", "coordinates": [[78.368, 17.4428], [78.35, 17.4428]]}, "properties": {"segment_id": "R0370", "road_class": "collector", "lanes": 1, "source_node": "N098", "target_node": "N097"}}, {"type": "Feature", "geometry": {"type": "LineString", "coordinates": [[78.3488, 17.444], [78.3488, 17.462]]}, "properties": {"segment_id": "R0371", "road_class": "collector", "lanes": 2, "source_node": "N097", "target_node": "N109"}}, {"type": "Feature", "geometry": {"type": "LineString", "coordinates": [[78.35119999999999, 17.462], [78.35119999999999, 17.444]]}, "properties": {"segment_id": "R0372", "road_class": "collector", "lanes": 3, "source_node": "N109", "target_node": "N097"}}, {"type": "Feature", "geometry": {"type": "LineString", "coordinates": [[78.368, 17.4452], [78.386, 17.4452]]}, "properties": {"segment_id": "R0373", "road_class": "collector", "lanes": 1, "source_node": "N098", "target_node": "N099"}}, {"type": "Feature", "geometry": {"type": "LineString", "coordinates": [[78.386, 17.4428], [78.368, 17.4428]]}, "properties": {"segment_id": "R0374", "road_class": "collector", "lanes": 2, "source_node": "N099", "target_node": "N098"}}, {"type": "Feature", "geometry": {"type": "LineString", "coordinates": [[78.3668, 17.444], [78.3668, 17.462]]}, "properties": {"segment_id": "R0375", "road_class": "collector", "lanes": 3, "source_node": "N098", "target_node": "N110"}}, {"type": "Feature", "geometry": {"type": "LineString", "coordinates": [[78.36919999999999, 17.462], [78.36919999999999, 17.444]]}, "properties": {"segment_id": "R0376", "road_class": "collector", "lanes": 2, "source_node": "N110", "target_node": "N098"}}, {"type": "Feature", "geometry": {"type": "LineString", "coordinates": [[78.386, 17.4452], [78.404, 17.4452]]}, "properties": {"segment_id": "R0377", "road_class": "arterial", "lanes": 3, "source_node": "N099", "target_node": "N100"}}, {"type": "Feature", "geometry": {"type": "LineString", "coordinates": [[78.404, 17.4428], [78.386, 17.4428]]}, "properties": {"segment_id": "R0378", "road_class": "arterial", "lanes": 2, "source_node": "N100", "target_node": "N099"}}, {"type": "Feature", "geometry": {"type": "LineString", "coordinates": [[78.3848, 17.444], [78.3848, 17.462]]}, "properties": {"segment_id": "R0379", "road_class": "arterial", "lanes": 3, "source_node": "N099", "target_node": "N111"}}, {"type": "Feature", "geometry": {"type": "LineString", "coordinates": [[78.38719999999999, 17.462], [78.38719999999999, 17.444]]}, "properties": {"segment_id": "R0380", "road_class": "arterial", "lanes": 2, "source_node": "N111", "target_node": "N099"}}, {"type": "Feature", "geometry": {"type": "LineString", "coordinates": [[78.404, 17.4452], [78.422, 17.4452]]}, "properties": {"segment_id": "R0381", "road_class": "collector", "lanes": 2, "source_node": "N100", "target_node": "N101"}}, {"type": "Feature", "geometry": {"type": "LineString", "coordinates": [[78.422, 17.4428], [78.404, 17.4428]]}, "properties": {"segment_id": "R0382", "road_class": "collector", "lanes": 2, "source_node": "N101", "target_node": "N100"}}, {"type": "Feature", "geometry": {"type": "LineString", "coordinates": [[78.4028, 17.444], [78.4028, 17.462]]}, "properties": {"segment_id": "R0383", "road_class": "collector", "lanes": 2, "source_node": "N100", "target_node": "N112"}}, {"type": "Feature", "geometry": {"type": "LineString", "coordinates": [[78.4052, 17.462], [78.4052, 17.444]]}, "properties": {"segment_id": "R0384", "road_class": "collector", "lanes": 2, "source_node": "N112", "target_node": "N100"}}, {"type": "Feature", "geometry": {"type": "LineString", "coordinates": [[78.422, 17.4452], [78.44, 17.4452]]}, "properties": {"segment_id": "R0385", "road_class": "collector", "lanes": 2, "source_node": "N101", "target_node": "N102"}}, {"type": "Feature", "geometry": {"type": "LineString", "coordinates": [[78.44, 17.4428], [78.422, 17.4428]]}, "properties": {"segment_id": "R0386", "road_class": "collector", "lanes": 2, "source_node": "N102", "target_node": "N101"}}, {"type": "Feature", "geometry": {"type": "LineString", "coordinates": [[78.4208, 17.444], [78.4208, 17.462]]}, "properties": {"segment_id": "R0387", "road_class": "collector", "lanes": 2, "source_node": "N101", "target_node": "N113"}}, {"type": "Feature", "geometry": {"type": "LineString", "coordinates": [[78.4232, 17.462], [78.4232, 17.444]]}, "properties": {"segment_id": "R0388", "road_class": "collector", "lanes": 2, "source_node": "N113", "target_node": "N101"}}, {"type": "Feature", "geometry": {"type": "LineString", "coordinates": [[78.44, 17.4452], [78.458, 17.4452]]}, "properties": {"segment_id": "R0389", "road_class": "arterial", "lanes": 3, "source_node": "N102", "target_node": "N103"}}, {"type": "Feature", "geometry": {"type": "LineString", "coordinates": [[78.458, 17.4428], [78.44, 17.4428]]}, "properties": {"segment_id": "R0390", "road_class": "arterial", "lanes": 3, "source_node": "N103", "target_node": "N102"}}, {"type": "Feature", "geometry": {"type": "LineString", "coordinates": [[78.4388, 17.444], [78.4388, 17.462]]}, "properties": {"segment_id": "R0391", "road_class": "arterial", "lanes": 2, "source_node": "N102", "target_node": "N114"}}, {"type": "Feature", "geometry": {"type": "LineString", "coordinates": [[78.4412, 17.462], [78.4412, 17.444]]}, "properties": {"segment_id": "R0392", "road_class": "arterial", "lanes": 2, "source_node": "N114", "target_node": "N102"}}, {"type": "Feature", "geometry": {"type": "LineString", "coordinates": [[78.458, 17.4452], [78.476, 17.4452]]}, "properties": {"segment_id": "R0393", "road_class": "collector", "lanes": 2, "source_node": "N103", "target_node": "N104"}}, {"type": "Feature", "geometry": {"type": "LineString", "coordinates": [[78.476, 17.4428], [78.458, 17.4428]]}, "properties": {"segment_id": "R0394", "road_class": "collector", "lanes": 2, "source_node": "N104", "target_node": "N103"}}, {"type": "Feature", "geometry": {"type": "LineString", "coordinates": [[78.4568, 17.444], [78.4568, 17.462]]}, "properties": {"segment_id": "R0395", "road_class": "collector", "lanes": 3, "source_node": "N103", "target_node": "N115"}}, {"type": "Feature", "geometry": {"type": "LineString", "coordinates": [[78.4592, 17.462], [78.4592, 17.444]]}, "properties": {"segment_id": "R0396", "road_class": "collector", "lanes": 3, "source_node": "N115", "target_node": "N103"}}, {"type": "Feature", "geometry": {"type": "LineString", "coordinates": [[78.476, 17.4452], [78.494, 17.4452]]}, "properties": {"segment_id": "R0397", "road_class": "collector", "lanes": 3, "source_node": "N104", "target_node": "N105"}}, {"type": "Feature", "geometry": {"type": "LineString", "coordinates": [[78.494, 17.4428], [78.476, 17.4428]]}, "properties": {"segment_id": "R0398", "road_class": "collector", "lanes": 2, "source_node": "N105", "target_node": "N104"}}, {"type": "Feature", "geometry": {"type": "LineString", "coordinates": [[78.4748, 17.444], [78.4748, 17.462]]}, "properties": {"segment_id": "R0399", "road_class": "collector", "lanes": 3, "source_node": "N104", "target_node": "N116"}}, {"type": "Feature", "geometry": {"type": "LineString", "coordinates": [[78.4772, 17.462], [78.4772, 17.444]]}, "properties": {"segment_id": "R0400", "road_class": "collector", "lanes": 2, "source_node": "N116", "target_node": "N104"}}, {"type": "Feature", "geometry": {"type": "LineString", "coordinates": [[78.494, 17.4452], [78.512, 17.4452]]}, "properties": {"segment_id": "R0401", "road_class": "arterial", "lanes": 3, "source_node": "N105", "target_node": "N106"}}, {"type": "Feature", "geometry": {"type": "LineString", "coordinates": [[78.512, 17.4428], [78.494, 17.4428]]}, "properties": {"segment_id": "R0402", "road_class": "arterial", "lanes": 1, "source_node": "N106", "target_node": "N105"}}, {"type": "Feature", "geometry": {"type": "LineString", "coordinates": [[78.4928, 17.444], [78.4928, 17.462]]}, "properties": {"segment_id": "R0403", "road_class": "arterial", "lanes": 2, "source_node": "N105", "target_node": "N117"}}, {"type": "Feature", "geometry": {"type": "LineString", "coordinates": [[78.4952, 17.462], [78.4952, 17.444]]}, "properties": {"segment_id": "R0404", "road_class": "arterial", "lanes": 2, "source_node": "N117", "target_node": "N105"}}, {"type": "Feature", "geometry": {"type": "LineString", "coordinates": [[78.512, 17.4452], [78.53, 17.4452]]}, "properties": {"segment_id": "R0405", "road_class": "collector", "lanes": 2, "source_node": "N106", "target_node": "N107"}}, {"type": "Feature", "geometry": {"type": "LineString", "coordinates": [[78.53, 17.4428], [78.512, 17.4428]]}, "properties": {"segment_id": "R0406", "road_class": "collector", "lanes": 2, "source_node": "N107", "target_node": "N106"}}, {"type": "Feature", "geometry": {"type": "LineString", "coordinates": [[78.5108, 17.444], [78.5108, 17.462]]}, "properties": {"segment_id": "R0407", "road_class": "collector", "lanes": 1, "source_node": "N106", "target_node": "N118"}}, {"type": "Feature", "geometry": {"type": "LineString", "coordinates": [[78.5132, 17.462], [78.5132, 17.444]]}, "properties": {"segment_id": "R0408", "road_class": "collector", "lanes": 3, "source_node": "N118", "target_node": "N106"}}, {"type": "Feature", "geometry": {"type": "LineString", "coordinates": [[78.53, 17.4452], [78.548, 17.4452]]}, "properties": {"segment_id": "R0409", "road_class": "collector", "lanes": 2, "source_node": "N107", "target_node": "N108"}}, {"type": "Feature", "geometry": {"type": "LineString", "coordinates": [[78.548, 17.4428], [78.53, 17.4428]]}, "properties": {"segment_id": "R0410", "road_class": "collector", "lanes": 2, "source_node": "N108", "target_node": "N107"}}, {"type": "Feature", "geometry": {"type": "LineString", "coordinates": [[78.5288, 17.444], [78.5288, 17.462]]}, "properties": {"segment_id": "R0411", "road_class": "collector", "lanes": 3, "source_node": "N107", "target_node": "N119"}}, {"type": "Feature", "geometry": {"type": "LineString", "coordinates": [[78.5312, 17.462], [78.5312, 17.444]]}, "properties": {"segment_id": "R0412", "road_class": "collector", "lanes": 1, "source_node": "N119", "target_node": "N107"}}, {"type": "Feature", "geometry": {"type": "LineString", "coordinates": [[78.5468, 17.444], [78.5468, 17.462]]}, "properties": {"segment_id": "R0413", "road_class": "collector", "lanes": 1, "source_node": "N108", "target_node": "N120"}}, {"type": "Feature", "geometry": {"type": "LineString", "coordinates": [[78.5492, 17.462], [78.5492, 17.444]]}, "properties": {"segment_id": "R0414", "road_class": "collector", "lanes": 3, "source_node": "N120", "target_node": "N108"}}, {"type": "Feature", "geometry": {"type": "LineString", "coordinates": [[78.35, 17.4632], [78.368, 17.4632]]}, "properties": {"segment_id": "R0415", "road_class": "collector", "lanes": 3, "source_node": "N109", "target_node": "N110"}}, {"type": "Feature", "geometry": {"type": "LineString", "coordinates": [[78.368, 17.4608], [78.35, 17.4608]]}, "properties": {"segment_id": "R0416", "road_class": "collector", "lanes": 2, "source_node": "N110", "target_node": "N109"}}, {"type": "Feature", "geometry": {"type": "LineString", "coordinates": [[78.368, 17.4632], [78.386, 17.4632]]}, "properties": {"segment_id": "R0417", "road_class": "collector", "lanes": 2, "source_node": "N110", "target_node": "N111"}}, {"type": "Feature", "geometry": {"type": "LineString", "coordinates": [[78.386, 17.4608], [78.368, 17.4608]]}, "properties": {"segment_id": "R0418", "road_class": "collector", "lanes": 3, "source_node": "N111", "target_node": "N110"}}, {"type": "Feature", "geometry": {"type": "LineString", "coordinates": [[78.386, 17.4632], [78.404, 17.4632]]}, "properties": {"segment_id": "R0419", "road_class": "arterial", "lanes": 1, "source_node": "N111", "target_node": "N112"}}, {"type": "Feature", "geometry": {"type": "LineString", "coordinates": [[78.404, 17.4608], [78.386, 17.4608]]}, "properties": {"segment_id": "R0420", "road_class": "arterial", "lanes": 2, "source_node": "N112", "target_node": "N111"}}, {"type": "Feature", "geometry": {"type": "LineString", "coordinates": [[78.404, 17.4632], [78.422, 17.4632]]}, "properties": {"segment_id": "R0421", "road_class": "collector", "lanes": 1, "source_node": "N112", "target_node": "N113"}}, {"type": "Feature", "geometry": {"type": "LineString", "coordinates": [[78.422, 17.4608], [78.404, 17.4608]]}, "properties": {"segment_id": "R0422", "road_class": "collector", "lanes": 3, "source_node": "N113", "target_node": "N112"}}, {"type": "Feature", "geometry": {"type": "LineString", "coordinates": [[78.422, 17.4632], [78.44, 17.4632]]}, "properties": {"segment_id": "R0423", "road_class": "collector", "lanes": 1, "source_node": "N113", "target_node": "N114"}}, {"type": "Feature", "geometry": {"type": "LineString", "coordinates": [[78.44, 17.4608], [78.422, 17.4608]]}, "properties": {"segment_id": "R0424", "road_class": "collector", "lanes": 3, "source_node": "N114", "target_node": "N113"}}, {"type": "Feature", "geometry": {"type": "LineString", "coordinates": [[78.44, 17.4632], [78.458, 17.4632]]}, "properties": {"segment_id": "R0425", "road_class": "arterial", "lanes": 2, "source_node": "N114", "target_node": "N115"}}, {"type": "Feature", "geometry": {"type": "LineString", "coordinates": [[78.458, 17.4608], [78.44, 17.4608]]}, "properties": {"segment_id": "R0426", "road_class": "arterial", "lanes": 3, "source_node": "N115", "target_node": "N114"}}, {"type": "Feature", "geometry": {"type": "LineString", "coordinates": [[78.458, 17.4632], [78.476, 17.4632]]}, "properties": {"segment_id": "R0427", "road_class": "collector", "lanes": 3, "source_node": "N115", "target_node": "N116"}}, {"type": "Feature", "geometry": {"type": "LineString", "coordinates": [[78.476, 17.4608], [78.458, 17.4608]]}, "properties": {"segment_id": "R0428", "road_class": "collector", "lanes": 3, "source_node": "N116", "target_node": "N115"}}, {"type": "Feature", "geometry": {"type": "LineString", "coordinates": [[78.476, 17.4632], [78.494, 17.4632]]}, "properties": {"segment_id": "R0429", "road_class": "collector", "lanes": 2, "source_node": "N116", "target_node": "N117"}}, {"type": "Feature", "geometry": {"type": "LineString", "coordinates": [[78.494, 17.4608], [78.476, 17.4608]]}, "properties": {"segment_id": "R0430", "road_class": "collector", "lanes": 2, "source_node": "N117", "target_node": "N116"}}, {"type": "Feature", "geometry": {"type": "LineString", "coordinates": [[78.494, 17.4632], [78.512, 17.4632]]}, "properties": {"segment_id": "R0431", "road_class": "arterial", "lanes": 2, "source_node": "N117", "target_node": "N118"}}, {"type": "Feature", "geometry": {"type": "LineString", "coordinates": [[78.512, 17.4608], [78.494, 17.4608]]}, "properties": {"segment_id": "R0432", "road_class": "arterial", "lanes": 2, "source_node": "N118", "target_node": "N117"}}, {"type": "Feature", "geometry": {"type": "LineString", "coordinates": [[78.512, 17.4632], [78.53, 17.4632]]}, "properties": {"segment_id": "R0433", "road_class": "collector", "lanes": 2, "source_node": "N118", "target_node": "N119"}}, {"type": "Feature", "geometry": {"type": "LineString", "coordinates": [[78.53, 17.4608], [78.512, 17.4608]]}, "properties": {"segment_id": "R0434", "road_class": "collector", "lanes": 3, "source_node": "N119", "target_node": "N118"}}, {"type": "Feature", "geometry": {"type": "LineString", "coordinates": [[78.53, 17.4632], [78.548, 17.4632]]}, "properties": {"segment_id": "R0435", "road_class": "collector", "lanes": 2, "source_node": "N119", "target_node": "N120"}}, {"type": "Feature", "geometry": {"type": "LineString", "coordinates": [[78.548, 17.4608], [78.53, 17.4608]]}, "properties": {"segment_id": "R0436", "road_class": "collector", "lanes": 3, "source_node": "N120", "target_node": "N119"}}]}